Date,BTC,ETH,XRP,LTC,XMR,DASH,XEM
20-Feb-18,11403.7,895.37,1.09,232.85,304.4,685.04,0.484397
19-Feb-18,11225.3,943.87,1.14,223.06,316.49,728.73,0.529261
18-Feb-18,10551.8,923.92,1.12,215.74,300.12,689.28,0.530407
17-Feb-18,11112.7,974.12,1.2,229.47,325.67,742.16,0.59888
16-Feb-18,10233.9,944.21,1.14,230.12,296.48,698.86,0.568887
15-Feb-18,10166.4,936.98,1.15,225.43,303.25,703.86,0.561359
14-Feb-18,9494.63,923.56,1.14,213.36,276.66,678.98,0.570005
13-Feb-18,8598.31,845.26,1.03,159.55,234.69,595.47,0.533186
12-Feb-18,8926.57,868.71,1.08,161.57,247.57,620.56,0.557894
11-Feb-18,8129.97,814.66,1,148.99,229.49,580.02,0.52864
10-Feb-18,8621.9,860.41,1.07,155.59,250.03,634.1,0.590511
9-Feb-18,8736.98,883.87,0.954428,163.95,260.43,637.82,0.590486
8-Feb-18,8265.59,817.81,0.805263,149.47,247.22,605,0.543094
7-Feb-18,7621.3,757.07,0.723895,138.2,207.28,521.99,0.536718
6-Feb-18,7754,793.12,0.776393,142.99,212.29,528.5,0.5842
5-Feb-18,6955.27,697.95,0.691799,125.33,179.49,451.43,0.449672
4-Feb-18,8277.01,834.68,0.815703,148.03,221.05,549.96,0.55087
3-Feb-18,9174.91,964.02,0.924043,160.25,251.59,637.37,0.628795
2-Feb-18,8830.75,915.78,0.884784,131.38,235.63,586.88,0.582652
1-Feb-18,9170.54,1036.79,0.96253,142.3,240.97,617.04,0.618265
31-Jan-18,10221.1,1118.31,1.16,163.35,272.89,697.46,0.779857
30-Jan-18,10106.3,1071.13,1.14,165.28,274.02,676.91,0.776491
29-Jan-18,11296.4,1182.36,1.32,181.66,316.63,767.69,0.935431
28-Jan-18,11786.3,1246.01,1.4,193.87,332.17,812.24,1.03
27-Jan-18,11440.7,1107.07,1.22,180.89,321.36,773.84,1.06
26-Jan-18,11171.4,1055.17,1.22,176.73,323.69,782.41,0.839974
25-Jan-18,11259.4,1056.03,1.31,180.27,317.1,795.65,0.9491
24-Jan-18,11359.4,1058.78,1.36,179.99,317.4,775.11,0.96375
23-Jan-18,10868.4,986.23,1.34,177.81,308.46,757.34,0.942383
22-Jan-18,10931.4,1003.26,1.36,180.01,315.9,763.2,0.991465
21-Jan-18,11600.1,1049.58,1.38,190.42,345.08,818.27,1.07
20-Jan-18,12899.2,1155.15,1.58,211.02,383.79,926.12,1.21
19-Jan-18,11607.4,1039.1,1.55,192.96,364.62,846.16,1.1
18-Jan-18,11474.9,1036.28,1.6,192.84,316.47,835.49,1.08
17-Jan-18,11188.6,1014.25,1.31,186.52,319.19,793.57,1.02
16-Jan-18,11490.5,1053.69,1.18,188.33,320.04,759.62,1.03
15-Jan-18,13819.8,1291.92,1.68,232.77,414.57,939.19,1.39
14-Jan-18,13772,1366.77,1.86,238.68,399.52,1014.07,1.39
13-Jan-18,14360.2,1396.42,2.02,259.19,420.05,1100.26,1.51
12-Jan-18,13980.6,1273.2,2.04,236.86,394.78,1054.87,1.44
11-Jan-18,13405.8,1154.93,1.95,229.37,355.59,1007.88,1.31
10-Jan-18,14973.3,1255.82,1.97,250.52,407.74,1106.36,1.45
9-Jan-18,14595.4,1299.74,2.1,247.04,413.33,1111.86,1.54
8-Jan-18,15170.1,1148.53,2.46,255.76,405.07,1087.75,1.65
7-Jan-18,16477.6,1153.17,3.38,288.45,459.33,1285.43,1.84
6-Jan-18,17527,1041.68,3.09,296.45,452.77,1265.03,1.65
5-Jan-18,17429.5,997.72,3.05,249.27,384.94,1152.41,1.59
4-Jan-18,15599.2,980.92,3.2,241.37,403.05,1229.79,1.64
3-Jan-18,15201,962.72,3.11,245.37,412.06,1170.74,1.79
2-Jan-18,14982.1,884.44,2.48,255.68,383.42,1217.72,1.16
1-Jan-18,13657.2,772.64,2.39,229.03,358.99,1053.98,1.04
31-Dec-17,14156.4,756.73,2.3,232.1,349.03,1051.68,1.03
30-Dec-17,12952.2,717.26,2.16,218.96,330.8,1011.47,0.926883
29-Dec-17,14656.2,753.59,2.21,245.5,377.37,1147.95,1.06
28-Dec-17,14606.5,737.02,1.43,249.93,378.9,1160.57,0.909741
27-Dec-17,15838.5,762.84,1.4,272.17,421.85,1189.89,0.944464
26-Dec-17,16099.8,773.84,1.19,286.5,381.54,1222.83,0.98838
25-Dec-17,14026.6,765.83,1.12,273.39,360.78,1175.89,1.01
24-Dec-17,13925.8,694.15,1.04,275.98,337.06,1184.69,1.04
23-Dec-17,14699.2,719.39,1.17,288.27,382.04,1275.5,0.927166
22-Dec-17,13831.8,674.86,1.14,264.93,346.11,1179.01,0.816177
21-Dec-17,15802.9,821.06,1.19,317.46,417.98,1434.82,0.998102
20-Dec-17,16624.6,819.09,0.775964,314.62,469.2,1550.85,0.918996
19-Dec-17,17776.7,826.82,0.791257,350.25,377.24,1186.63,0.942962
18-Dec-17,19114.2,794.64,0.778407,358.34,381.51,1167.12,0.846193
17-Dec-17,19140.8,719.98,0.728366,318.72,351.37,1105.92,0.687827
16-Dec-17,19497.4,696.21,0.758642,298.97,327.32,1001.51,0.657999
15-Dec-17,17706.9,684.45,0.756181,299.78,312.32,900.52,0.592682
14-Dec-17,16564,695.82,0.864263,279.33,325.21,941.11,0.610045
13-Dec-17,16408.2,702.77,0.471063,302.6,305.75,886.88,0.523858
12-Dec-17,17415.4,651.43,0.373541,316.16,308.07,932.03,0.534018
11-Dec-17,16936.8,515.14,0.251691,214.2,279.67,765.4,0.49053
10-Dec-17,15455.4,441.72,0.237333,148.66,245.33,688.67,0.393966
9-Dec-17,15178.2,473.5,0.244708,155.24,262.53,723.61,0.445482
8-Dec-17,16569.4,456.03,0.252125,124.85,276.74,726.67,0.639449
7-Dec-17,17899.7,434.41,0.222823,98.29,280.86,697.9,0.236283
6-Dec-17,14291.5,428.59,0.232544,100.35,278.69,700.07,0.270295
5-Dec-17,11916.7,463.28,0.246101,102.4,269.48,756.36,0.301329
4-Dec-17,11657.2,470.2,0.253571,104.24,210.24,774.01,0.285884
3-Dec-17,11323.2,465.85,0.252558,101.26,200.05,768.88,0.275915
2-Dec-17,11074.6,463.45,0.255492,100.28,203.03,778.43,0.252322
1-Dec-17,10975.6,466.54,0.255699,99,190.94,797.53,0.239571
30-Nov-17,10233.6,447.11,0.250878,88.33,180.14,786.93,0.226677
29-Nov-17,9888.61,427.52,0.243064,85.57,168.15,677.39,0.218286
28-Nov-17,10058.8,472.9,0.299152,96.03,203.21,626.42,0.248682
27-Nov-17,9818.35,480.36,0.253927,91.6,173.39,632.3,0.226282
26-Nov-17,9330.55,471.33,0.248818,85.93,163.37,621.62,0.213886
25-Nov-17,8790.92,466.28,0.252393,88.82,168.44,643.57,0.218506
24-Nov-17,8253.69,474.91,0.244642,77.97,160.03,566.63,0.209109
23-Nov-17,8038.77,410.17,0.242402,73.22,158.61,566.68,0.201437
22-Nov-17,8253.55,380.65,0.238859,71.89,165.95,578.85,0.203891
21-Nov-17,8071.26,360.4,0.233271,70.03,141.74,494.21,0.202712
20-Nov-17,8200.64,366.73,0.238759,72.25,135.76,486.54,0.213041
19-Nov-17,8036.49,354.39,0.231016,71.59,129.48,442.31,0.201947
18-Nov-17,7790.15,347.61,0.228627,69.64,130.8,454.74,0.196271
17-Nov-17,7708.99,332.39,0.226581,67.57,126.7,424.98,0.192635
16-Nov-17,7871.69,330.92,0.227107,71.06,120.31,418.18,0.196787
15-Nov-17,7315.54,333.36,0.212956,63.82,121.37,424.41,0.193879
14-Nov-17,6635.75,337.63,0.209825,62.68,122.35,427.54,0.194469
13-Nov-17,6559.49,316.72,0.203442,61.4,123.4,427.37,0.192662
12-Nov-17,5950.07,307.91,0.197339,59.01,123.86,536.12,0.180406
11-Nov-17,6357.6,314.68,0.21043,62.3,119.62,346.06,0.192428
10-Nov-17,6618.14,299.25,0.206483,59.26,105.59,329.57,0.192903
9-Nov-17,7143.58,320.88,0.217488,64.27,120.78,326.01,0.220927
8-Nov-17,7459.69,309.07,0.217437,62.57,113.31,316.33,0.194292
7-Nov-17,7144.38,294.66,0.210354,61.3,99.76,293.38,0.180246
6-Nov-17,7022.76,298.89,0.20599,55.17,102.92,275.68,0.186642
5-Nov-17,7407.41,296.26,0.202055,54.75,86.35,273.17,0.180309
4-Nov-17,7379.95,300.47,0.20375,55.04,87.3,274.68,0.170845
3-Nov-17,7207.76,305.71,0.208133,56.18,87.99,278.59,0.171728
2-Nov-17,7078.5,287.43,0.205861,54.74,83.76,265.31,0.166887
1-Nov-17,6767.31,291.69,0.194124,53.18,85.72,271.56,0.166645
31-Oct-17,6468.4,305.88,0.200558,55.75,87.64,279.15,0.186771
30-Oct-17,6130.53,307.75,0.202711,56.39,88.84,285.94,0.200415
29-Oct-17,6153.85,305.09,0.202785,57.11,88.65,283.93,0.201337
28-Oct-17,5753.09,296.3,0.201835,54.69,86.31,275.69,0.197236
27-Oct-17,5780.9,297.42,0.202785,55.33,86.75,280.48,0.19794
26-Oct-17,5904.83,296.53,0.203628,55.74,88.58,286.13,0.199005
25-Oct-17,5750.8,297.93,0.204604,56.49,88.13,289.14,0.206495
24-Oct-17,5526.64,298.33,0.206644,55.96,88.4,293.2,0.212616
23-Oct-17,5930.32,286.95,0.196928,54.92,85.21,284.23,0.199053
22-Oct-17,6008.42,295.45,0.204177,56.81,86.58,275.7,0.211949
21-Oct-17,6031.6,300.19,0.211016,58.2,88.12,277.86,0.212676
20-Oct-17,6011.45,304.01,0.210549,60.33,90.54,289.19,0.215947
19-Oct-17,5708.52,308.09,0.21515,59.74,88.62,295.47,0.220531
18-Oct-17,5590.69,314.32,0.21852,60.73,89.54,297.26,0.220316
17-Oct-17,5605.51,317.08,0.232064,59.48,91.28,299.88,0.218207
16-Oct-17,5725.59,333.38,0.256232,64.62,95.9,302.21,0.223181
15-Oct-17,5678.19,336.6,0.263983,65.47,94.87,309.51,0.2073
14-Oct-17,5831.79,339.63,0.25732,63.95,100.23,316.69,0.210581
13-Oct-17,5647.21,338.76,0.260489,59.43,95.13,310.38,0.211569
12-Oct-17,5446.91,304.14,0.248414,60.11,87.09,291.91,0.206147
11-Oct-17,4826.48,303.46,0.264439,50.89,87.42,298.4,0.214811
10-Oct-17,4781.99,299.87,0.260733,50.72,86.82,291.27,0.209909
9-Oct-17,4772.02,297.39,0.251825,50.16,85.49,283.67,0.194931
8-Oct-17,4610.48,308.61,0.279944,53.14,89.77,302.48,0.194807
7-Oct-17,4426.89,311.12,0.23861,52.58,91.7,310.49,0.212189
6-Oct-17,4370.81,308.59,0.234039,52.12,91.19,306.88,0.211324
5-Oct-17,4328.41,295.86,0.237016,51.67,91.86,305.4,0.211072
4-Oct-17,4229.36,292.66,0.214774,51.4,90.41,305.46,0.218456
3-Oct-17,4317.48,292.46,0.203318,52.35,92.96,296.24,0.22274
2-Oct-17,4409.32,297.48,0.202676,53.38,91.54,308.69,0.231441
1-Oct-17,4403.74,302.34,0.206532,54.54,93.22,315.8,0.24618
30-Sep-17,4338.71,301.46,0.197529,55.14,95.76,327.14,0.235162
29-Sep-17,4163.07,291.47,0.193606,52.62,94.5,327.7,0.237538
28-Sep-17,4174.73,299.15,0.196131,54.09,97.23,338.25,0.238268
27-Sep-17,4200.67,306.47,0.203299,56.28,101.04,346.43,0.243301
26-Sep-17,3892.35,287.44,0.186119,51.55,93.13,339.1,0.228646
25-Sep-17,3926.07,292.33,0.181487,51.58,93.64,345.09,0.232506
24-Sep-17,3682.84,282.48,0.175787,47.62,89.5,331.85,0.216154
23-Sep-17,3792.4,286.17,0.177882,49.27,91.85,350.79,0.222205
22-Sep-17,3630.7,264.31,0.17351,48.09,88.17,346.58,0.210635
21-Sep-17,3631.04,258.58,0.171754,46.61,86.24,330.05,0.210871
20-Sep-17,3905.95,283.74,0.182078,51.73,95.57,342.43,0.231746
19-Sep-17,3924.97,282.8,0.184041,52.84,97.72,324.26,0.237664
18-Sep-17,4065.2,293.5,0.189768,55.53,100.57,333,0.248516
17-Sep-17,3582.88,251.75,0.178393,48.49,93.74,313.84,0.204067
16-Sep-17,3625.04,246.52,0.179082,48.26,95.29,298.86,0.207831
15-Sep-17,3637.52,250.46,0.181358,48.21,99.85,284.36,0.211752
14-Sep-17,3154.95,213.91,0.164167,41.58,83.04,236.24,0.164254
13-Sep-17,3882.59,277.11,0.200778,61.73,111.33,301.29,0.233825
12-Sep-17,4130.81,291.46,0.209303,64.23,111.89,325.97,0.249074
11-Sep-17,4161.27,294.53,0.214441,66.04,112.75,318.4,0.252026
10-Sep-17,4122.94,288.75,0.213031,61.61,112.33,320.11,0.256975
9-Sep-17,4226.06,294.4,0.209995,66.01,116.27,323.14,0.267264
8-Sep-17,4228.75,296.5,0.211518,67.79,118.04,333.21,0.268641
7-Sep-17,4599.88,329.43,0.22364,78.48,120.84,343.91,0.293376
6-Sep-17,4597.12,334.34,0.226186,80.11,121.63,347.17,0.301941
5-Sep-17,4376.53,312.99,0.215189,71.29,118.82,327.23,0.286227
4-Sep-17,4236.31,295.17,0.204968,65.21,106.17,316.13,0.27322
3-Sep-17,4582.96,347.48,0.228811,76.84,126.01,356.39,0.307264
2-Sep-17,4578.77,348.98,0.226669,79.02,124.8,350.17,0.295884
1-Sep-17,4892.01,387.74,0.248479,86.04,141.2,393.35,0.33231
31-Aug-17,4703.39,383.04,0.25563,71.06,140.41,378.32,0.337213
30-Aug-17,4565.3,378.49,0.228006,64.17,132.38,368.34,0.295817
29-Aug-17,4579.02,370.67,0.218564,63.17,133.03,359.55,0.283717
28-Aug-17,4382.66,347.75,0.224508,62.36,145.4,356.78,0.278257
27-Aug-17,4382.88,347.89,0.202995,61.16,130.68,362.89,0.274641
26-Aug-17,4352.4,333.88,0.212577,51.75,138.05,399.85,0.268393
25-Aug-17,4371.6,331.92,0.217828,51.18,108.26,315.89,0.270482
24-Aug-17,4334.68,325.61,0.218958,50.19,86.29,315.37,0.265512
23-Aug-17,4151.52,317.52,0.246827,53.25,90.33,292.57,0.249603
22-Aug-17,4100.52,314.79,0.239286,46.73,91.16,291.5,0.254089
21-Aug-17,4001.74,321.59,0.191918,47.94,77.82,279.58,0.252456
20-Aug-17,4087.66,301.43,0.158735,46.23,54.71,294.2,0.271441
19-Aug-17,4193.7,297.47,0.155057,45.48,55.96,288.7,0.256137
18-Aug-17,4160.62,295.59,0.158883,47.28,46.69,224.28,0.243244
17-Aug-17,4331.69,301.46,0.157498,43.91,47.45,233.62,0.244955
16-Aug-17,4376.63,302.27,0.160431,44.15,48.78,232.02,0.258012
15-Aug-17,4181.93,289.82,0.161221,43.31,48.74,203.52,0.247928
14-Aug-17,4325.13,300.1,0.169991,45.8,49.75,199.44,0.256048
13-Aug-17,4073.26,298.06,0.168092,45.81,47.76,198.17,0.257339
12-Aug-17,3884.71,310.6,0.173853,46.43,49.37,205.49,0.278085
11-Aug-17,3650.62,308.86,0.179307,47.1,50.65,205.79,0.295213
10-Aug-17,3381.28,295.89,0.180399,46.5,49.47,200.96,0.294135
9-Aug-17,3342.47,296.03,0.182947,48.01,50.96,199.21,0.279883
8-Aug-17,3419.94,296.77,0.192586,48.63,51.94,203.84,0.275143
7-Aug-17,3378.94,269.18,0.179021,45.8,50.21,197.19,0.280321
6-Aug-17,3213.94,261.57,0.180444,45.1,47.83,189.13,0.248318
5-Aug-17,3252.91,256.51,0.184737,46.86,48.58,193.83,0.228656
4-Aug-17,2895.89,223.07,0.173743,43.45,45.12,186.97,0.22424
3-Aug-17,2804.73,225.34,0.174612,42.86,43.36,186.99,0.22689
2-Aug-17,2710.67,219.95,0.173113,42.13,43.63,182.93,0.219719
1-Aug-17,2718.26,226.77,0.177053,43.04,44.15,184.75,0.181054
31-Jul-17,2875.34,203.87,0.167386,43.02,39.84,178.51,0.165068
30-Jul-17,2757.18,197.98,0.165082,40.42,39.62,172.82,0.1605
29-Jul-17,2726.45,205.79,0.169871,41.12,43.89,185.25,0.170197
28-Jul-17,2809.01,193.12,0.165937,40.61,43.96,185.61,0.165774
27-Jul-17,2671.78,204.32,0.173457,42.14,45.24,194.09,0.170475
26-Jul-17,2529.45,203.95,0.173822,42.23,45.8,194.37,0.156463
25-Jul-17,2576.48,206.71,0.178104,42.24,40.68,195.52,0.158206
24-Jul-17,2754.86,224.71,0.192002,44.41,45.58,204.02,0.169644
23-Jul-17,2730.4,225.95,0.195058,44.06,42.67,191.03,0.166136
22-Jul-17,2810.12,229.48,0.19332,46.56,44.71,195.31,0.176768
21-Jul-17,2667.76,218.31,0.182608,45.76,40.34,185.86,0.143792
20-Jul-17,2817.6,227.26,0.188295,45.02,40.3,188.59,0.152087
19-Jul-17,2273.43,199.7,0.168388,40.86,35.06,155.65,0.126825
18-Jul-17,2318.88,234.39,0.188718,44.3,36.38,158.07,0.132327
17-Jul-17,2228.41,193.42,0.177889,42.67,34.83,153.85,0.133729
16-Jul-17,1929.82,157.36,0.148056,40.91,29.43,132.64,0.097294
15-Jul-17,1998.86,170.66,0.170589,38.92,32.09,140.14,0.111478
14-Jul-17,2233.34,199.66,0.190769,42.8,35.48,161.08,0.117498
13-Jul-17,2357.9,209.73,0.200809,46.33,38.23,171.24,0.122953
12-Jul-17,2398.84,230.77,0.205354,48.75,40.39,179.89,0.133841
11-Jul-17,2337.79,197.4,0.185019,45.33,37.14,165.73,0.119303
10-Jul-17,2372.56,215.36,0.203165,46.58,40.01,174.4,0.132048
9-Jul-17,2518.44,242.14,0.233416,49.58,44.85,195.64,0.152993
8-Jul-17,2571.34,251.7,0.236134,52.14,46.1,209.2,0.158505
7-Jul-17,2518.66,245.99,0.23948,46.58,44.25,196.46,0.156905
6-Jul-17,2608.56,270.55,0.254641,51.13,50.12,213.17,0.169307
5-Jul-17,2601.99,268.77,0.256523,53.19,45.72,209.48,0.174562
4-Jul-17,2601.64,273.3,0.254709,55.33,45.47,183.06,0.18835
3-Jul-17,2564.06,282.9,0.259959,46.43,43.63,180.79,0.176653
2-Jul-17,2506.47,287.99,0.259449,41.57,42.79,173.49,0.159311
1-Jul-17,2434.55,274.6,0.254744,38.99,40.96,165.71,0.145722
30-Jun-17,2480.84,294.92,0.26293,40.35,43.73,181.77,0.159532
29-Jun-17,2539.32,302.88,0.265421,41.07,45.02,177.17,0.163684
28-Jun-17,2574.79,327.93,0.280455,42.85,47.32,184.13,0.170694
27-Jun-17,2552.45,293.09,0.276306,40.54,43.57,176.02,0.163454
26-Jun-17,2478.45,272.69,0.277288,41.13,43.49,162.89,0.162366
25-Jun-17,2589.41,303.25,0.298423,43.92,45.89,172.88,0.177182
24-Jun-17,2608.72,323.7,0.31111,44.49,48.03,182.62,0.18616
23-Jun-17,2744.91,341.74,0.319978,47.34,51.41,189.26,0.197522
22-Jun-17,2705.41,336.37,0.297848,47.71,47.28,177.06,0.182819
21-Jun-17,2689.1,336.87,0.296366,47.79,46.59,178.81,0.191312
20-Jun-17,2721.79,359,0.324427,47.22,48.08,187.91,0.199343
19-Jun-17,2589.6,370.06,0.296068,50.32,49.09,201.26,0.195966
18-Jun-17,2548.29,371.46,0.2846,46.04,49.6,193.53,0.198033
17-Jun-17,2655.88,379.41,0.268351,47.65,50.46,178.13,0.204418
16-Jun-17,2518.56,370.23,0.262068,35.7,48.11,166.25,0.192579
15-Jun-17,2464.58,361.93,0.259266,30.22,46.02,163.35,0.194843
14-Jun-17,2506.37,359.05,0.278447,30.22,46.3,163.21,0.201501
13-Jun-17,2717.02,397.54,0.266153,30.64,51.8,183.97,0.210863
12-Jun-17,2659.63,401.49,0.253964,29.5,50.04,170.78,0.202731
11-Jun-17,2958.11,340.61,0.272759,33.22,58.7,188.27,0.218017
10-Jun-17,2947.71,337.67,0.260874,30.44,52.28,152,0.202606
9-Jun-17,2823.81,281.74,0.286019,29.68,55.62,148.93,0.215685
8-Jun-17,2805.62,261.67,0.289678,30.21,56.19,145.03,0.219575
7-Jun-17,2732.16,258.07,0.279783,28.39,52.54,140.36,0.209825
6-Jun-17,2863.2,264.47,0.284548,30.55,55.57,145.19,0.233988
5-Jun-17,2686.81,248.46,0.294003,30.84,48.26,144.92,0.236163
4-Jun-17,2511.81,245.33,0.299413,27.94,42.9,143.35,0.215562
3-Jun-17,2515.35,224.38,0.29458,27.66,42.37,144.29,0.215075
2-Jun-17,2488.55,223.78,0.303448,28.94,44,145.29,0.227844
1-Jun-17,2407.88,222.24,0.333657,28.8,43.7,136.08,0.230595
31-May-17,2286.41,230.67,0.24659,25.3,41.83,135.97,0.202065
30-May-17,2175.47,231.91,0.205324,24.14,39.79,121.13,0.186042
29-May-17,2255.61,194.91,0.23207,25.21,41.21,117.26,0.208717
28-May-17,2155.8,170.51,0.229554,24.22,36.84,108.14,0.208126
27-May-17,2038.87,157.76,0.212549,23.74,33.41,99.2,0.19884
26-May-17,2202.42,160.4,0.271808,23.75,38.71,112.94,0.182618
25-May-17,2304.98,174.45,0.246065,29.9,40.12,119.63,0.206736
24-May-17,2443.64,190.05,0.29589,34.45,45.38,144.63,0.261565
23-May-17,2320.42,181.95,0.323368,32.11,55.62,138.07,0.2651
22-May-17,2173.4,174.26,0.317954,25.38,36.17,120.73,0.259399
21-May-17,2041.2,157.94,0.336201,26.3,34.64,102.03,0.244041
20-May-17,2084.73,126.52,0.351634,27.51,35.1,100.77,0.225015
19-May-17,1987.71,129.53,0.327801,27.7,31.87,98.98,0.212863
18-May-17,1888.65,96.91,0.364869,28.36,30.33,89.73,0.214931
17-May-17,1839.09,89.86,0.394132,25.4,26.93,83.26,0.120358
16-May-17,1734.45,89.44,0.349861,23.33,26.26,85.59,0.1074
15-May-17,1738.43,92.41,0.27072,25.37,27.79,91.49,0.117825
14-May-17,1808.91,90.79,0.220223,28.89,28.53,89.8,0.125946
13-May-17,1804.91,90.84,0.214878,28.91,28.47,89.35,0.127062
12-May-17,1724.24,88.66,0.206068,27.45,28.68,86.8,0.130036
11-May-17,1848.57,89.88,0.183135,30.72,29.51,91.54,0.109908
10-May-17,1787.13,89.52,0.186066,31.96,29.84,91.52,0.111377
9-May-17,1755.36,91.16,0.160074,33.58,28.66,93.3,0.111753
8-May-17,1723.35,91.42,0.198212,28.96,30.47,101.1,0.118875
7-May-17,1596.71,94.01,0.141763,30.29,32.78,106.28,0.099328
6-May-17,1578.8,97.81,0.101791,28.16,28.98,99.76,0.073401
5-May-17,1555.45,94.4,0.09355,26.27,28.45,99.01,0.072928
4-May-17,1537.67,96.98,0.078914,23.39,25.99,92.8,0.063401
3-May-17,1490.09,79.72,0.06049,21.04,25.2,90.08,0.052956
2-May-17,1452.82,77.26,0.053908,15.89,23.04,86.24,0.051829
1-May-17,1421.6,76.3,0.055115,15.92,22.77,88.12,0.052053
30-Apr-17,1347.89,79.02,0.051607,15.71,23.72,91.55,0.050966
29-Apr-17,1321.79,68.38,0.052868,15.74,22.76,94.95,0.048039
28-Apr-17,1316.48,70.16,0.044475,14.34,22.35,79.49,0.048639
27-Apr-17,1317.73,62.17,0.034816,14.62,21.21,78.17,0.046975
26-Apr-17,1281.08,52.72,0.032797,14.85,19.37,71.53,0.049937
25-Apr-17,1265.49,49.89,0.032346,15.21,19.65,72.07,0.037436
24-Apr-17,1250.15,50.03,0.031384,14.97,19.56,72.2,0.034198
23-Apr-17,1207.21,48.49,0.031278,13.94,19.72,68.89,0.031441
22-Apr-17,1231.71,48.55,0.03177,13.06,20.12,71.22,0.03197
21-Apr-17,1222.05,48.22,0.03278,11.23,20.29,70.88,0.032971
20-Apr-17,1229.08,49.67,0.029984,10.33,20.24,71.45,0.028481
19-Apr-17,1210.29,48.31,0.030173,9.66,20.39,72.28,0.032498
18-Apr-17,1211.67,50.71,0.033183,10.32,21.06,72.83,0.028338
17-Apr-17,1193.91,48.3,0.033655,10.42,20.56,75.64,0.026132
16-Apr-17,1182.94,48.72,0.033462,10.71,20.46,75.34,0.024114
15-Apr-17,1172.52,49.1,0.033955,10.79,20.71,75.01,0.024322
14-Apr-17,1167.54,47.57,0.033779,10.39,20.59,70.77,0.022076
13-Apr-17,1169.28,50.22,0.034383,10.15,21.48,72.57,0.021136
12-Apr-17,1200.37,46.29,0.034336,10.79,21.76,68,0.020753
11-Apr-17,1205.01,43.41,0.032952,8.85,21.36,60.53,0.019801
10-Apr-17,1187.13,43.44,0.033598,8.92,21.83,61.31,0.020881
9-Apr-17,1187.87,43.27,0.03402,8.71,20.68,64.7,0.020015
8-Apr-17,1175.95,44.31,0.035849,9.92,20.83,67.75,0.018439
7-Apr-17,1176.9,42.16,0.036319,9.37,19.39,66.19,0.016876
6-Apr-17,1182.68,43.24,0.032665,10.25,19.27,66.53,0.016597
5-Apr-17,1124.78,45.3,0.035544,11.09,19.62,74.37,0.017454
4-Apr-17,1133.25,44.64,0.037455,8.29,21.35,69.07,0.018258
3-Apr-17,1143.81,44.36,0.033023,8.07,20.33,61.76,0.02
2-Apr-17,1102.17,48.75,0.061159,7.74,20.14,57.07,0.016086
1-Apr-17,1080.5,50.7,0.021892,6.88,21.5,68.6,0.017632
31-Mar-17,1071.79,50.04,0.020889,6.67,20.54,74.91,0.014928
30-Mar-17,1026.43,52.21,0.013276,6.98,20.88,79.61,0.014036
29-Mar-17,1039.97,53.13,0.010101,4.19,21.14,84.4,0.014892
28-Mar-17,1047.15,50.77,0.009514,4.16,19.81,87.89,0.013647
27-Mar-17,1045.77,49.67,0.009597,4.08,19.66,85.66,0.013332
26-Mar-17,966.73,50.52,0.009545,4.06,19.61,93.63,0.013527
25-Mar-17,972.78,51.25,0.009116,4.07,20.14,94.33,0.01271
24-Mar-17,937.52,53.11,0.010518,4.08,21.1,97.27,0.013891
23-Mar-17,1038.59,43.68,0.010582,3.98,21.82,101.43,0.01502
22-Mar-17,1049.14,42.34,0.007301,3.94,21.42,101.51,0.016312
21-Mar-17,1120.54,43.15,0.006909,4.01,21.29,95.38,0.0158
20-Mar-17,1054.23,43.39,0.006975,4.03,22.51,100.05,0.014328
19-Mar-17,1036.74,44.74,0.006912,3.96,23.29,108.23,0.016474
18-Mar-17,973.82,34.16,0.00671,3.97,20.07,109.24,0.011957
17-Mar-17,1100.23,46.83,0.006116,4.06,22.35,99.14,0.011788
16-Mar-17,1187.81,46.35,0.006394,4.24,22.48,89.81,0.011102
15-Mar-17,1249.61,35.06,0.006314,4.16,18.98,95.09,0.011237
14-Mar-17,1240,28.65,0.006381,4.06,17.76,88.24,0.011614
13-Mar-17,1231.92,28.59,0.006385,4.17,18.13,74.61,0.010914
12-Mar-17,1221.38,23.44,0.006255,3.84,16.79,77.08,0.009894
11-Mar-17,1175.83,21.47,0.006238,3.8,14.69,72.93,0.009836
10-Mar-17,1116.72,19.33,0.006227,3.75,13.21,50.42,0.009141
9-Mar-17,1188.49,17.75,0.006498,3.84,13.03,51.06,0.009042
8-Mar-17,1150,16.65,0.006509,3.78,12.47,42.33,0.009314
7-Mar-17,1223.54,18.89,0.006534,3.82,13.53,45.68,0.01097
6-Mar-17,1272.83,19.61,0.006057,3.92,15.41,46.5,0.010823
5-Mar-17,1267.12,19.3,0.006129,3.9,15.18,42.31,0.011338
4-Mar-17,1255.15,18.62,0.006299,3.88,13.67,43.38,0.009567
3-Mar-17,1274.99,19.46,0.006339,3.92,13.91,47.38,0.008887
2-Mar-17,1251.01,19.03,0.005991,3.92,13.11,42.44,0.008818
1-Mar-17,1222.5,17.35,0.005408,3.8,12.33,42.54,0.00785
28-Feb-17,1179.97,15.82,0.005536,3.77,12.28,32.51,0.007034
27-Feb-17,1179.97,15.4,0.005609,3.8,11.96,28.18,0.006415
26-Feb-17,1165.2,14.52,0.005671,3.83,11.89,28.11,0.006447
25-Feb-17,1143.84,13.55,0.005665,3.83,11.85,26.76,0.00634
24-Feb-17,1173.68,13.07,0.005701,3.85,11.92,26.2,0.006571
23-Feb-17,1166.72,13.12,0.005895,3.84,12.87,25.22,0.006853
22-Feb-17,1117.44,12.6,0.00586,3.81,12.77,22.12,0.006388
21-Feb-17,1115.3,12.67,0.005832,3.78,12.34,21.25,0.006326
20-Feb-17,1079.98,12.43,0.005873,3.77,12.22,21.59,0.006559
19-Feb-17,1047.87,12.76,0.005878,3.76,12.99,22.55,0.006352
18-Feb-17,1054.42,12.81,0.005569,3.79,13.36,21.41,0.006863
17-Feb-17,1046.21,12.68,0.005935,3.83,13.3,20,0.007113
16-Feb-17,1027.44,12.9,0.006027,3.79,13.1,19.52,0.007039
15-Feb-17,1007.48,12.92,0.006147,3.81,13.62,19.63,0.007093
14-Feb-17,1004.55,13.03,0.006278,3.77,12.99,18.15,0.00673
13-Feb-17,990.64,11.27,0.006251,3.72,12.2,16.88,0.006635
12-Feb-17,999.18,11.4,0.006269,3.76,12.33,16.91,0.0069
11-Feb-17,1004.45,11.35,0.006333,3.79,12.24,17.15,0.006992
10-Feb-17,988.67,11.28,0.006289,3.78,11.98,16.67,0.006338
9-Feb-17,994.38,11.03,0.006374,3.8,12.12,16.58,0.006323
8-Feb-17,1063.07,11.43,0.006438,4.02,12.8,17.35,0.006661
7-Feb-17,1061.35,11.52,0.006407,4.04,12.65,17.14,0.006917
6-Feb-17,1038.15,11.39,0.00645,4.04,12.88,17.12,0.006039
5-Feb-17,1027.34,11.35,0.006442,4.04,12.8,17.06,0.006389
4-Feb-17,1042.9,11.43,0.006492,4.06,12.61,17.62,0.007173
3-Feb-17,1029.91,11.11,0.006474,4.08,12.86,17.52,0.006938
2-Feb-17,1011.8,10.82,0.006469,4.09,13.14,16.31,0.006294
1-Feb-17,989.02,10.73,0.00654,4.08,13.27,16.03,0.005487
31-Jan-17,970.4,10.73,0.006314,4.08,12.99,16.07,0.005237
30-Jan-17,920.38,10.57,0.006381,4.02,12.71,15.96,0.005252
29-Jan-17,919.5,10.48,0.006402,3.85,12.66,15.51,0.005164
28-Jan-17,921.59,10.56,0.006342,3.85,12.85,15.27,0.004815
27-Jan-17,919.75,10.54,0.006415,3.86,12.1,15.34,0.004994
26-Jan-17,917.59,10.59,0.00669,3.83,11.98,15.04,0.005204
25-Jan-17,901.54,10.57,0.006513,3.71,11.83,14.51,0.004543
24-Jan-17,892.69,10.63,0.00654,3.79,11.81,14.09,0.003902
23-Jan-17,921.01,10.82,0.006697,3.84,12.25,15.19,0.003689
22-Jan-17,924.67,10.7,0.006713,3.84,12.18,15.11,0.003696
21-Jan-17,921.79,10.91,0.006706,3.9,12.03,14.97,0.003691
20-Jan-17,895.03,10.6,0.006675,3.89,11.91,15.16,0.003545
19-Jan-17,899.07,10.4,0.007034,3.86,12.15,15.18,0.003585
18-Jan-17,886.62,10.23,0.006709,3.84,12.05,14.06,0.003552
17-Jan-17,907.94,10.3,0.0068,3.94,12.39,14.25,0.003524
16-Jan-17,831.53,9.64,0.006788,3.9,10.64,12.94,0.003669
15-Jan-17,821.8,9.9,0.006726,3.93,10.76,12.39,0.003667
14-Jan-17,818.41,9.65,0.006863,3.9,11.09,12.08,0.00372
13-Jan-17,823.98,9.77,0.006596,3.89,11.27,12.59,0.003592
12-Jan-17,804.83,9.86,0.006423,3.96,11.85,12.22,0.003489
11-Jan-17,777.76,9.72,0.006411,3.85,11.64,11.3,0.003297
10-Jan-17,907.68,10.55,0.006698,4.59,13.39,12.49,0.003601
9-Jan-17,902.83,10.33,0.006167,4.3,13.74,12.09,0.003608
8-Jan-17,911.2,10.29,0.006233,3.99,13.47,12.54,0.003421
7-Jan-17,908.59,9.87,0.006366,3.96,13.06,12.44,0.003508
6-Jan-17,902.2,10.25,0.006315,3.86,14.03,12.03,0.003329
5-Jan-17,1013.38,10.25,0.006201,4.29,16.19,14.38,0.003638
4-Jan-17,1154.73,11.25,0.00657,4.84,18.53,16.52,0.003766
3-Jan-17,1043.84,9.73,0.006386,4.63,16.09,12.78,0.003573
2-Jan-17,1021.75,8.38,0.006311,4.65,16.05,11.81,0.003377
1-Jan-17,998.33,8.17,0.006368,4.51,13.97,11.23,0.00344
31-Dec-16,963.74,7.97,0.006449,4.33,13.78,11.21,0.003676
30-Dec-16,961.24,8.16,0.006426,4.39,12.97,11.11,0.003793
29-Dec-16,973.5,8.28,0.006341,4.56,13.13,10.85,0.003726
28-Dec-16,975.92,7.52,0.006173,4.57,14.09,10.07,0.003627
27-Dec-16,933.2,7.17,0.006199,4.47,12.69,9.74,0.003392
26-Dec-16,907.61,7.27,0.006326,4.36,10.27,9.7,0.003575
25-Dec-16,896.18,7.18,0.006444,4.35,9.73,10.01,0.003606
24-Dec-16,898.82,7.27,0.006349,4.55,9.65,9.83,0.003548
23-Dec-16,921.98,7.17,0.006286,4.66,9.55,9.56,0.003524
22-Dec-16,864.54,7.58,0.006363,3.71,8.9,9.79,0.0036
21-Dec-16,834.28,7.91,0.006445,3.65,8.28,9.81,0.003488
20-Dec-16,800.88,7.66,0.0065,3.66,8.43,10.22,0.003731
19-Dec-16,792.71,7.64,0.006545,3.66,8.63,10.32,0.003743
18-Dec-16,790.53,7.87,0.006574,3.68,8.61,9.89,0.003819
17-Dec-16,790.83,7.88,0.006541,3.7,8.32,9.74,0.003627
16-Dec-16,784.91,7.86,0.00671,3.63,8.51,9.89,0.003596
15-Dec-16,778.09,7.83,0.006662,3.62,8.42,9.3,0.003405
14-Dec-16,781.48,8.27,0.006705,3.62,8.41,9.16,0.003408
13-Dec-16,780.56,8.42,0.006708,3.65,8.11,9.39,0.003313
12-Dec-16,780.09,8.52,0.006778,3.66,8.05,9.1,0.00337
11-Dec-16,769.73,8.19,0.006744,3.64,7.91,9.54,0.00344
10-Dec-16,774.65,8.13,0.006816,3.68,7.78,8.88,0.003348
9-Dec-16,772.79,8.45,0.007135,3.69,7.95,8.83,0.003265
8-Dec-16,770.81,8.23,0.007097,3.69,7.79,8.75,0.003332
7-Dec-16,768.13,8.38,0.006851,3.62,7.89,8.68,0.003439
6-Dec-16,764.22,7.87,0.006655,3.54,7.54,8.8,0.003207
5-Dec-16,758.7,6.82,0.006434,3.53,7.91,8.56,0.003311
4-Dec-16,773.87,7.44,0.006527,3.9,7.8,8.82,0.003563
3-Dec-16,771.15,7.92,0.006588,3.92,8.27,8.88,0.00345
2-Dec-16,777.94,7.76,0.00666,3.95,8.23,8.66,0.003505
1-Dec-16,756.77,8.45,0.006702,3.91,8.58,8.74,0.003646
30-Nov-16,745.69,8.59,0.006723,3.89,8.95,8.91,0.003717
29-Nov-16,735.6,8.17,0.00678,3.87,7.6,8.82,0.003754
28-Nov-16,735.81,8.72,0.007008,3.88,7.89,8.96,0.003747
27-Nov-16,732.03,9,0.007074,3.88,7.93,9.09,0.003671
26-Nov-16,735.38,9.33,0.00739,3.89,7.62,8.9,0.003668
25-Nov-16,741.65,9.4,0.006902,3.92,7.54,9.1,0.003592
24-Nov-16,740.29,9.23,0.00695,3.91,7.81,9.13,0.003606
23-Nov-16,744.59,9.84,0.007061,3.93,7.91,8.51,0.003707
22-Nov-16,751.35,9.91,0.007434,3.95,7.69,8.63,0.00376
21-Nov-16,739.25,9.62,0.007566,3.94,6.8,8.58,0.003937
20-Nov-16,731.03,9.58,0.007651,3.92,6.58,8.51,0.003943
19-Nov-16,751.62,9.66,0.007799,3.95,6.55,8.48,0.003993
18-Nov-16,751.59,9.48,0.007778,3.96,6.72,8.95,0.004008
17-Nov-16,740.98,9.99,0.007727,3.94,6.79,9.02,0.004021
16-Nov-16,744.2,10.06,0.007842,4.02,6.58,9.45,0.003992
15-Nov-16,711.62,10.22,0.007881,3.89,7.3,9.64,0.004192
14-Nov-16,705.02,9.97,0.008098,3.88,7.71,9.68,0.004256
13-Nov-16,702.03,10.1,0.008257,3.88,7.1,9.49,0.004647
12-Nov-16,705.05,9.88,0.008044,3.76,7.44,9.64,0.004773
11-Nov-16,716.41,10.29,0.008065,3.82,6.78,9.67,0.004867
10-Nov-16,715.53,10.52,0.008136,3.82,6.1,9.67,0.004159
9-Nov-16,723.27,10.66,0.008079,3.86,6.19,9.7,0.003923
8-Nov-16,709.85,10.83,0.008206,3.84,6.32,9.76,0.004125
7-Nov-16,703.13,10.81,0.008108,3.84,5.74,9.92,0.004125
6-Nov-16,711.52,10.87,0.008193,3.89,4.97,9.4,0.003706
5-Nov-16,703.42,11,0.00823,3.87,5.02,9.21,0.003885
4-Nov-16,703.24,11.09,0.008157,3.88,4.85,9.13,0.003722
3-Nov-16,688.7,10.8,0.008021,3.86,4.89,9.12,0.003664
2-Nov-16,740.83,10.75,0.008222,4.1,4.51,8.94,0.003749
1-Nov-16,729.79,10.77,0.008102,4.09,4.71,9.04,0.003828
31-Oct-16,700.97,11,0.008196,3.99,5.12,9.2,0.003629
30-Oct-16,701.86,11.18,0.008014,4.03,5.57,9.67,0.003712
29-Oct-16,714.48,10.44,0.007732,4.09,5.14,8.61,0.003496
28-Oct-16,689.65,11.09,0.008143,3.97,5.73,9.07,0.003743
27-Oct-16,688.31,11.5,0.008481,4.02,6.21,9.71,0.003936
26-Oct-16,678.3,11.53,0.008835,3.96,6.17,9.34,0.00381
25-Oct-16,657.59,11.41,0.008891,3.9,6.09,9.41,0.003908
24-Oct-16,653.76,11.97,0.009065,3.87,6.42,9.85,0.003879
23-Oct-16,657.07,12.04,0.009454,3.92,6.51,9.96,0.003751
22-Oct-16,657.29,12.07,0.008972,3.89,6.52,10.36,0.003745
21-Oct-16,632.83,12.18,0.009029,3.81,6.78,10.77,0.003705
20-Oct-16,630.86,12.1,0.009092,3.78,6.56,10.5,0.003738
19-Oct-16,630.52,12.02,0.008627,3.8,6.62,10.29,0.003803
18-Oct-16,637.96,12.59,0.00835,3.84,6.57,10.21,0.003875
17-Oct-16,639.19,12.01,0.00803,3.91,6.28,10.62,0.003814
16-Oct-16,641.63,11.95,0.008078,3.89,6.38,10.85,0.003988
15-Oct-16,638.65,11.98,0.008146,3.87,6.56,11.1,0.004003
14-Oct-16,640.38,11.94,0.008767,3.9,6.92,11.53,0.004275
13-Oct-16,636.79,11.96,0.007982,3.91,6.91,11.44,0.004128
12-Oct-16,636.19,11.93,0.007949,3.76,7.31,11.43,0.004045
11-Oct-16,641.07,11.79,0.008234,3.82,7.28,11.73,0.004547
10-Oct-16,618.99,11.76,0.007978,3.8,6.94,11.69,0.003546
9-Oct-16,616.75,12.05,0.007543,3.82,7.48,11.59,0.003877
8-Oct-16,619.11,12.22,0.00731,3.84,6.88,11.72,0.003955
7-Oct-16,617.12,12.67,0.007377,3.86,6.89,11.87,0.004019
6-Oct-16,613.02,12.85,0.007382,3.85,7.18,12.06,0.004399
5-Oct-16,612.51,13.04,0.007435,3.84,6.76,12.03,0.004336
4-Oct-16,610.2,13.28,0.007853,3.82,7.65,12.06,0.004256
3-Oct-16,612.13,13.45,0.008089,3.84,7.95,11.89,0.004285
2-Oct-16,610.89,13.2,0.008165,3.84,8.3,11.78,0.004311
1-Oct-16,613.98,13.17,0.008205,3.85,7.36,11.71,0.004386
30-Sep-16,609.74,13.22,0.00883,3.84,8.41,12.1,0.004366
29-Sep-16,605.69,13.07,0.008914,3.85,8.71,12.01,0.004006
28-Sep-16,604.73,13.27,0.009048,3.84,9.4,11.59,0.004617
27-Sep-16,606.17,13.1,0.008229,3.85,9.31,11.64,0.00467
26-Sep-16,608.04,12.82,0.007963,3.86,9.4,11.41,0.004988
25-Sep-16,600.83,13.1,0.007855,3.81,10.24,11.55,0.005066
24-Sep-16,602.63,12.88,0.007362,3.81,10.63,11.53,0.005167
23-Sep-16,602.84,13.33,0.007211,3.81,10.77,11.54,0.005251
22-Sep-16,596.3,13.25,0.006843,3.77,10.16,11.54,0.005299
21-Sep-16,597.15,13.77,0.006829,3.84,9.92,11.53,0.005415
20-Sep-16,608.31,14.43,0.006785,3.84,11.15,11.41,0.005127
19-Sep-16,609.23,13.19,0.006858,3.83,10.56,11.54,0.00516
18-Sep-16,609.87,12.43,0.006853,4.04,9.45,11.64,0.005174
17-Sep-16,605.98,12.7,0.007018,3.81,9.68,11.78,0.005274
16-Sep-16,606.97,12.56,0.007446,3.81,8.91,11.72,0.005499
15-Sep-16,607.15,11.94,0.008303,3.81,9.41,12.21,0.005674
14-Sep-16,610.68,11.92,0.005961,3.83,10.51,12.71,0.005695
13-Sep-16,609.24,11.92,0.005886,3.82,10.88,13,0.005876
12-Sep-16,608.24,11.89,0.005897,3.82,10.03,12.26,0.005736
11-Sep-16,606.72,11.64,0.005842,3.86,10.69,11.14,0.005716
10-Sep-16,623.51,12.17,0.00587,3.97,12.23,11.42,0.005874
9-Sep-16,622.86,11.65,0.005869,3.97,12.43,11.22,0.006211
8-Sep-16,626.32,11.35,0.005902,3.99,12.74,11.69,0.005664
7-Sep-16,614.54,11.55,0.005892,3.97,11.83,11.28,0.0057
6-Sep-16,610.44,11.69,0.005912,3.97,12.46,10.92,0.005703
5-Sep-16,606.59,11.72,0.005932,3.98,13.96,11.27,0.005724
4-Sep-16,608.63,11.68,0.005954,4.01,13.39,11.39,0.005647
3-Sep-16,598.21,11.76,0.005964,3.89,10.59,11.45,0.005725
2-Sep-16,575.54,12.11,0.00597,3.82,10.21,11.36,0.005618
1-Sep-16,572.3,11.99,0.005984,3.83,8,11.45,0.005569
31-Aug-16,575.47,11.67,0.006012,3.8,8.58,11.89,0.005698
30-Aug-16,577.5,11.23,0.006026,3.8,8.49,11.77,0.005867
29-Aug-16,574.11,10.98,0.006131,3.76,8.5,11.68,0.005828
28-Aug-16,573.91,10.93,0.005963,3.74,9.51,12.42,0.005945
27-Aug-16,569.95,11.15,0.005975,3.74,5.3,12.57,0.005711
26-Aug-16,579.65,11.3,0.00603,3.83,4.18,12.74,0.005858
25-Aug-16,577.76,11.36,0.006079,3.8,4.15,12.31,0.005867
24-Aug-16,580.18,11.04,0.006052,3.86,4.42,13.28,0.005764
23-Aug-16,583.41,11.03,0.006019,3.93,4.72,13.42,0.005559
22-Aug-16,586.75,11.12,0.006,3.66,3.99,14.21,0.006214
21-Aug-16,581.31,11.18,0.006052,3.62,2.54,13.41,0.006325
20-Aug-16,581.7,11.25,0.006114,3.62,2.44,13.1,0.006537
19-Aug-16,575.63,10.75,0.006119,3.6,2.3,13.78,0.006836
18-Aug-16,574.32,10.76,0.006122,3.61,2.19,13.86,0.006414
17-Aug-16,573.22,10.75,0.006109,3.6,2.24,12.55,0.006254
16-Aug-16,577.44,11.14,0.00614,3.64,2.2,12.87,0.006193
15-Aug-16,567.24,11.22,0.006045,3.58,2.18,13.3,0.006351
14-Aug-16,570.47,11.19,0.005994,3.65,2.01,14.48,0.006493
13-Aug-16,585.59,11.57,0.006092,3.71,1.98,12.91,0.006562
12-Aug-16,587.56,11.78,0.006123,3.71,1.95,12.59,0.006686
11-Aug-16,589.12,11.69,0.006189,3.74,1.98,11.08,0.005666
10-Aug-16,592.1,12.14,0.006194,3.72,2.01,10.44,0.005549
9-Aug-16,587.8,12.24,0.006163,3.76,2.05,10.3,0.005501
8-Aug-16,591.05,11.25,0.006027,3.79,1.9,10.38,0.005006
7-Aug-16,592.69,10.91,0.006178,3.78,1.9,10.35,0.005018
6-Aug-16,587.78,10.88,0.006337,3.76,1.88,10.55,0.005326
5-Aug-16,575.04,10.93,0.006447,3.73,1.79,9.72,0.005282
4-Aug-16,578.29,11.04,0.005816,3.75,1.85,9.53,0.005288
3-Aug-16,566.36,10.29,0.005646,3.72,1.57,9.33,0.005146
2-Aug-16,547.47,8.79,0.00569,3.64,1.49,9.16,0.004997
1-Aug-16,606.27,10.94,0.005906,3.86,1.7,9.9,0.006295
31-Jul-16,624.68,11.88,0.005945,4.01,1.82,9.51,0.006658
30-Jul-16,655.05,12.46,0.006121,4.06,1.91,9.22,0.006726
29-Jul-16,656.99,12.79,0.006111,4.08,1.89,9.46,0.006589
28-Jul-16,655.03,12.84,0.005974,3.97,1.85,9.31,0.006628
27-Jul-16,654.35,12.97,0.005969,3.96,1.94,9.15,0.006644
26-Jul-16,651.78,11.99,0.005998,3.97,1.83,8.86,0.006586
25-Jul-16,654.1,13.84,0.006246,4.03,1.85,9.13,0.00701
24-Jul-16,661.28,12.75,0.006286,4.07,1.88,9.21,0.006881
23-Jul-16,655.56,14.3,0.006317,4.06,1.89,9.31,0.007226
22-Jul-16,650.62,14.66,0.006303,4.04,1.83,9.25,0.00673
21-Jul-16,665.01,12.65,0.006416,4.12,1.74,8.96,0.006802
20-Jul-16,665.68,12.45,0.006395,4.13,1.76,8.44,0.007206
19-Jul-16,672.86,11.62,0.006405,4.15,1.9,8.5,0.006758
18-Jul-16,673.11,11.03,0.006482,4.15,1.95,8.22,0.007542
17-Jul-16,679.46,11.16,0.006538,4.19,1.99,8.12,0.00772
16-Jul-16,660.77,11.65,0.006572,4.13,1.98,8.26,0.007903
15-Jul-16,663.25,11.95,0.006442,4.16,1.99,8.09,0.008158
14-Jul-16,658.08,11.51,0.006385,4.15,2.01,7.75,0.008096
13-Jul-16,654.47,10.5,0.006411,4.14,1.93,7.84,0.00868
12-Jul-16,664.55,10.52,0.00635,4.15,1.99,7.84,0.009321
11-Jul-16,647.66,10.46,0.006534,4.09,1.98,7.96,0.008119
10-Jul-16,649.36,10.95,0.006674,4.1,1.91,7.42,0.00815
9-Jul-16,650.96,10.97,0.006679,4.16,1.96,7.36,0.008034
8-Jul-16,666.52,11.39,0.006715,4.22,1.98,7.45,0.008166
7-Jul-16,640.56,10.11,0.006598,4.11,1.9,7.03,0.007649
6-Jul-16,677.33,10.53,0.006691,4.47,1.94,6.98,0.009398
5-Jul-16,670.63,10.61,0.006699,4.45,1.73,6.99,0.009415
4-Jul-16,683.66,11.47,0.007028,4.54,1.71,7.08,0.010891
3-Jul-16,658.66,11.72,0.006607,4.25,1.7,7.01,0.010768
2-Jul-16,703.7,12.13,0.006699,4.59,1.75,7.18,0.010535
1-Jul-16,676.3,12.2,0.006787,4.26,1.66,7.24,0.010477
30-Jun-16,673.34,12.46,0.006657,4.19,1.61,7.13,0.012527
29-Jun-16,639.89,12.61,0.006777,4.06,1.55,6.99,0.010399
28-Jun-16,647,12.18,0.006773,4.1,1.49,6.91,0.012825
27-Jun-16,655.27,13.88,0.006398,4.12,1.48,7.01,0.011272
26-Jun-16,629.37,13.85,0.0064,4.07,1.48,6.78,0.006817
25-Jun-16,665.12,14.28,0.006414,4.23,1.55,6.86,0.007407
24-Jun-16,665.3,14.33,0.006434,4.28,1.59,7.13,0.007508
23-Jun-16,623.98,13.68,0.006381,3.85,1.56,7.24,0.005122
22-Jun-16,596.12,13.1,0.006495,3.91,1.5,7.34,0.004088
21-Jun-16,666.65,13.31,0.006172,4.82,1.61,7.78,0.0044
20-Jun-16,737.23,11.84,0.006626,5.29,1.83,8.29,0.005594
19-Jun-16,763.78,12.23,0.006813,5.59,1.87,7.99,0.005004
18-Jun-16,756.23,11.33,0.006604,5.56,2.01,8.16,0.003041
17-Jun-16,748.91,15.38,0.006693,5.59,1.75,8.36,0.002564
16-Jun-16,766.31,20.59,0.006676,5.66,1.58,8.59,0.002695
15-Jun-16,694.47,18.35,0.006887,5.24,1.46,8.14,0.002436
14-Jun-16,685.56,18.89,0.007105,5.2,1.39,8.2,0.002376
13-Jun-16,704.38,17.6,0.005824,5.29,1.28,7.72,0.002219
12-Jun-16,672.78,15.74,0.005852,5.33,1.25,7.66,0.002094
11-Jun-16,606.73,14.19,0.005766,5.01,1.14,7.9,0.001968
10-Jun-16,577.47,13.91,0.005736,4.84,1.15,7.84,0.001888
9-Jun-16,574.63,14.4,0.005788,4.69,1.11,7.82,0.001858
8-Jun-16,581.64,14.42,0.00577,4.75,0.999952,7.88,0.001968
7-Jun-16,576.6,14.51,0.00578,4.77,1.01,7.91,0.002024
6-Jun-16,585.54,13.93,0.005769,4.96,1.01,7.77,0.002023
5-Jun-16,574.98,13.97,0.005796,4.81,1,7.58,0.002003
4-Jun-16,572.73,13.74,0.00578,4.81,0.974353,8.05,0.00201
3-Jun-16,569.19,13.85,0.005827,4.86,0.945202,8.06,0.002001
2-Jun-16,537.97,13.74,0.005766,4.72,0.92668,8.1,0.00197
1-Jun-16,536.92,14,0.005809,4.74,0.914871,8.26,0.002034
31-May-16,531.39,14.08,0.005706,4.65,0.928747,8.18,0.001875
30-May-16,533.86,12.73,0.005748,4.67,0.910537,8.2,0.001676
29-May-16,526.23,12.35,0.005662,4.61,0.881719,8.19,0.001648
28-May-16,530.04,11.89,0.005682,4.7,0.919737,7.85,0.001613
27-May-16,473.46,11.3,0.005679,4.5,0.859091,7.5,0.001561
26-May-16,453.38,12.43,0.005669,4.08,0.860175,7.39,0.001508
25-May-16,449.6,12.53,0.005756,4.05,0.865887,7.61,0.001638
24-May-16,445.98,12.73,0.005962,3.95,0.901127,7.76,0.001652
23-May-16,444.15,13.46,0.005909,3.97,0.91473,8.1,0.001661
22-May-16,439.32,14.29,0.005936,3.93,0.938764,8.1,0.001698
21-May-16,443.19,14.02,0.00599,3.95,0.975433,8.24,0.00162
20-May-16,442.68,13.64,0.006084,3.88,0.942222,7.95,0.001664
19-May-16,438.71,14.77,0.006032,3.83,0.853595,7.7,0.001549
18-May-16,454.62,13.56,0.006028,4,0.840542,7.39,0.001444
17-May-16,453.78,12.2,0.006023,3.98,0.813343,7.41,0.001465
16-May-16,454.16,11.17,0.006022,4.01,0.818356,7.27,0.001492
15-May-16,457.57,9.96,0.006061,4.06,0.823823,7,0.00147
14-May-16,455.67,10.24,0.006073,4.01,0.838895,6.95,0.001435
13-May-16,455.67,10.51,0.006109,3.93,0.847763,6.97,0.001517
12-May-16,454.77,10.06,0.006167,3.86,0.875668,6.78,0.001571
11-May-16,452.73,10,0.006189,3.88,0.85971,6.76,0.001534
10-May-16,450.89,9.36,0.006272,3.82,0.829463,6.79,0.001506
9-May-16,460.48,9.3,0.006399,4.06,0.825393,6.59,0.001475
8-May-16,458.55,9.48,0.006404,3.94,0.850586,6.69,0.001517
7-May-16,458.54,9.37,0.00649,3.95,0.880058,6.58,0.001554
6-May-16,459.6,9.35,0.006399,3.82,0.877466,6.77,0.00159
5-May-16,447.98,9.83,0.006193,3.71,0.906841,6.82,0.001535
4-May-16,446.72,9.41,0.006323,3.75,0.916455,6.84,0.001535
3-May-16,450.3,9.31,0.00656,3.74,0.908237,6.8,0.001578
2-May-16,444.67,10.16,0.006714,3.68,0.964395,6.83,0.001574
1-May-16,451.88,8.85,0.006791,3.71,0.914293,6.79,0.001606
30-Apr-16,448.32,8.81,0.006812,3.66,0.916537,6.83,0.001601
29-Apr-16,455.1,7.46,0.006759,3.81,0.883684,6.6,0.001607
28-Apr-16,449.01,7.17,0.006686,3.79,0.904794,6.46,0.001599
27-Apr-16,444.69,7.76,0.006725,3.89,0.941531,6.28,0.001645
26-Apr-16,466.09,7.4,0.007095,4.05,0.884295,6.08,0.001532
25-Apr-16,461.43,7.55,0.007283,3.81,0.953362,6.17,0.001518
24-Apr-16,458.56,8,0.007251,3.63,1.01,6.44,0.001533
23-Apr-16,450.28,8.29,0.007346,3.33,1.04,6.51,0.0016
22-Apr-16,445.74,7.82,0.007284,3.32,0.980429,6.28,0.001583
21-Apr-16,449.43,8.1,0.007433,3.35,0.977233,6.19,0.001579
20-Apr-16,441.39,8.47,0.007244,3.28,1.06,6.35,0.001647
19-Apr-16,435.51,8.71,0.007118,3.29,1.11,6.39,0.00162
18-Apr-16,428.59,9.04,0.006987,3.24,1.11,6.23,0.001558
17-Apr-16,427.4,9.31,0.006499,3.26,1.04,6.4,0.0015
16-Apr-16,430.57,8.61,0.00651,3.27,0.977983,6.3,0.001423
15-Apr-16,429.71,8.24,0.006424,3.28,0.990145,6.03,0.001443
14-Apr-16,424.28,8.39,0.006289,3.24,1.01,6.41,0.001579
13-Apr-16,423.73,8.04,0.005695,3.24,1.03,6.51,0.001365
12-Apr-16,425.19,7.44,0.005885,3.26,0.955986,6.5,0.00139
11-Apr-16,422.48,8.64,0.006048,3.24,1.02,6.35,0.001458
10-Apr-16,421.56,8.94,0.005937,3.23,1.1,6.54,0.0014
9-Apr-16,419.41,9.15,0.006288,3.22,1.13,6.68,0.001412
8-Apr-16,420.35,9.72,0.006671,3.22,1.24,6.99,0.001419
7-Apr-16,422.75,10.07,0.006875,3.25,1.5,6.9,0.001349
6-Apr-16,423.41,10.69,0.007296,3.26,1.51,7.02,0.001361
5-Apr-16,424.03,10.44,0.007474,3.25,1.52,7.07,0.001373
4-Apr-16,421.44,11.16,0.007491,3.25,1.6,6.96,0.00137
3-Apr-16,420.9,11.62,0.007503,3.26,1.54,7,0.00136
2-Apr-16,420.87,11.6,0.007501,3.26,1.55,7.05,0.001443
1-Apr-16,417.96,11.66,0.007418,3.24,1.46,7.07,0.001473
31-Mar-16,416.73,11.4,0.007391,3.26,1.4,6.88,0.001495
30-Mar-16,414.82,11.95,0.007332,3.22,1.45,6.78,0.001491
29-Mar-16,416.52,11.66,0.007566,3.23,1.49,7.08,0.001534
28-Mar-16,424.23,11.67,0.007564,3.26,1.49,7.06,0.001584
27-Mar-16,426.76,10.42,0.008029,3.3,1.53,7.05,0.001454
26-Mar-16,417.94,10.97,0.008066,3.23,1.7,7.21,0.001484
25-Mar-16,417.18,10.74,0.008191,3.23,1.6,7.44,0.001248
24-Mar-16,416.39,11.23,0.00823,3.22,1.7,6.66,0.001256
23-Mar-16,418.04,12.42,0.008332,3.24,1.45,6.59,0.001304
22-Mar-16,418.09,11.27,0.00811,3.23,1.39,6.09,0.001272
21-Mar-16,413.31,11.86,0.008047,3.2,1.49,6.01,0.001257
20-Mar-16,413.75,10.32,0.00796,3.21,1.52,6.12,0.001239
19-Mar-16,410.44,10.53,0.008016,3.18,1.21,5.99,0.001294
18-Mar-16,409.55,11,0.008119,3.17,1.15,5.95,0.001183
17-Mar-16,420.62,11.08,0.008287,3.31,1.3,5.98,0.001301
16-Mar-16,417.01,12.52,0.008178,3.31,1.15,6.33,0.001172
15-Mar-16,416.83,13.01,0.008186,3.31,1.14,5.84,0.001239
14-Mar-16,416.44,12.45,0.008479,3.3,1.12,5.54,0.001256
13-Mar-16,414.06,14.47,0.008635,3.31,1.24,5.68,0.001341
12-Mar-16,411.62,13.53,0.0087,3.29,1.15,5.31,0.001365
11-Mar-16,421.69,11.08,0.008803,3.38,1.1,5.15,0.001344
10-Mar-16,417.13,11.3,0.00819,3.29,1.09,4.92,0.001385
9-Mar-16,414.86,11.9,0.008056,3.28,1.24,4.57,0.001329
8-Mar-16,413.97,9.85,0.007949,3.25,1.19,4.6,0.001635
7-Mar-16,414.32,9.55,0.007918,3.27,1.07,4.3,0.001622
6-Mar-16,407.71,11.38,0.00786,3.22,1.2,4.58,0.001043
5-Mar-16,400.57,11,0.007878,3.19,1.2,4.87,0.000709
4-Mar-16,410.94,10.41,0.008096,3.25,1.1,4.63,0.000637
3-Mar-16,421.65,9.29,0.008162,3.32,1.09,4.71,0.000605
2-Mar-16,423.99,8.47,0.00803,3.37,0.827633,3.88,0.000645
1-Mar-16,435.12,7.65,0.008006,3.43,0.847996,3.9,0.000628
29-Feb-16,437.7,6.34,0.007923,3.45,0.870503,3.92,0.000647
28-Feb-16,433.5,6.47,0.007889,3.44,0.870485,4,0.000654
27-Feb-16,432.52,6.43,0.007972,3.41,0.8297,4.08,0.000643
26-Feb-16,432.15,5.92,0.008058,3.42,0.813595,3.97,0.000645
25-Feb-16,424.54,6.1,0.008027,3.37,0.806427,3.91,0.000629
24-Feb-16,424.95,6.24,0.008076,3.37,0.801251,4.02,0.000651
23-Feb-16,420.74,5.59,0.00797,3.4,0.756528,3.8,0.000648
22-Feb-16,437.75,5.62,0.00805,3.48,0.77803,4.2,0.00067
21-Feb-16,438.8,4.65,0.0081,3.46,0.782148,4,0.000662
20-Feb-16,437.16,4.34,0.008253,3.46,0.824465,3.64,0.000606
19-Feb-16,420.79,4.74,0.008245,3.25,0.819088,3.51,0.000565
18-Feb-16,422.37,4.4,0.007995,3.25,0.774533,3.53,0.000557
17-Feb-16,416.32,3.76,0.008138,3.24,0.733156,3.68,0.000466
16-Feb-16,407.49,4.32,0.008451,3.21,0.935744,3.48,0.000518
15-Feb-16,400.19,5.29,0.008631,3.18,0.791647,3.78,0.000578
14-Feb-16,407.23,5.24,0.00859,3.21,0.846403,3.8,0.000594
13-Feb-16,391.86,5.39,0.008257,3.13,0.804311,3.77,0.000566
12-Feb-16,384.26,5.55,0.007979,3.11,0.612499,3.79,0.000609
11-Feb-16,379.65,6.01,0.007815,3.08,0.516381,3.26,0.000506
10-Feb-16,381.65,4.44,0.007853,3.1,0.480424,3.84,0.000535
9-Feb-16,376.03,4.04,0.007815,3.08,0.46485,3.97,0.000543
8-Feb-16,373.45,3.18,0.007991,3.06,0.481636,4.16,0.00059
7-Feb-16,376.62,2.96,0.008338,3.09,0.479407,4.21,0.000606
6-Feb-16,376.52,2.53,0.007922,3.1,0.480421,4.19,0.000634
5-Feb-16,386.55,2.54,0.007262,3.14,0.496352,4.28,0.000631
4-Feb-16,389.59,2.58,0.00697,3.16,0.507164,4.29,0.000601
3-Feb-16,369.95,2.53,0.006883,3.05,0.491974,4.18,0.00063
2-Feb-16,374.45,2.44,0.006768,3.08,0.501037,4.11,0.000588
1-Feb-16,373.06,2.21,0.006542,3.08,0.497962,4.12,0.000507
31-Jan-16,368.77,2.31,0.006399,3.05,0.483429,4.11,0.000491
30-Jan-16,378.25,2.45,0.006634,3.08,0.511528,4.29,0.000466
29-Jan-16,379.47,2.49,0.00684,3.11,0.51825,4.39,0.000432
28-Jan-16,380.29,2.53,0.006226,3.12,0.563129,4.22,0.000396
27-Jan-16,394.97,2.39,0.006506,3.29,0.61087,4.2,0.000422
26-Jan-16,392.15,2.28,0.005419,3.15,0.584982,4.52,0.000418
25-Jan-16,391.73,2.5,0.005135,3.13,0.581354,4.02,0.000379
24-Jan-16,402.97,2.14,0.005219,3.18,0.62205,4.4,0.000413
23-Jan-16,387.49,1.97,0.00512,3.1,0.61602,4.49,0.000455
22-Jan-16,382.49,1.5,0.005114,3.08,0.536995,5.13,0.00045
21-Jan-16,410.26,1.55,0.005313,3.22,0.549362,5.15,0.000468
20-Jan-16,420.23,1.53,0.005381,3.39,0.535095,4.77,0.000606
19-Jan-16,380.15,1.37,0.005271,3.02,0.545904,3.87,0.000468
18-Jan-16,387.17,1.43,0.005326,3.05,0.502346,4.37,0.000352
17-Jan-16,382.3,1.33,0.005266,3.03,0.450774,4.95,0.000294
16-Jan-16,387.54,1.22,0.005112,3.09,0.496668,3.89,0.000278
15-Jan-16,364.33,1.21,0.005229,3,0.428456,3.36,0.000256
14-Jan-16,430.31,1.19,0.005529,3.47,0.486483,3.4,0.000285
13-Jan-16,432.37,1.13,0.005794,3.48,0.484302,3.1,0.000248
12-Jan-16,435.69,1.14,0.005854,3.49,0.490113,3.03,0.00026
11-Jan-16,448.43,1.06,0.005895,3.56,0.482049,3.15,0.000239
10-Jan-16,447.99,0.999231,0.005956,3.54,0.488578,3.29,0.000256
9-Jan-16,447.61,0.986833,0.005982,3.56,0.490135,3.18,0.000256
8-Jan-16,453.23,0.986789,0.005933,3.57,0.488417,3.31,0.000272
7-Jan-16,458.05,0.942005,0.006039,3.6,0.492529,3.38,0.000252
6-Jan-16,429.11,0.95086,0.006003,3.45,0.505053,3.38,0.000188
5-Jan-16,431.96,0.950176,0.006044,3.47,0.499272,3.33,0.000186
4-Jan-16,433.09,0.95448,0.005958,3.5,0.517388,3.32,0.000203
3-Jan-16,430.01,0.971905,0.006017,3.48,0.500312,3.24,0.000175
2-Jan-16,433.44,0.937124,0.006065,3.5,0.532668,3.28,0.000165
1-Jan-16,434.33,0.948024,0.005955,3.51,0.497867,3.38,0.000162
31-Dec-15,430.57,0.933542,0.00604,3.48,0.470402,3.27,0.000151
30-Dec-15,426.62,0.911958,0.006182,3.46,0.441028,3.52,0.00016
29-Dec-15,432.98,0.873054,0.006264,3.5,0.45616,3.09,0.000161
28-Dec-15,422.28,0.845005,0.00634,3.47,0.446928,2.98,0.00014
27-Dec-15,422.82,0.856365,0.006343,3.48,0.451554,2.65,0.00015
26-Dec-15,417.27,0.854603,0.006174,3.42,0.446716,2.77,0.000162
25-Dec-15,455.65,0.870363,0.006487,3.62,0.484163,2.83,0.000185
24-Dec-15,454.99,0.863262,0.005971,3.64,0.490058,2.77,0.000178
23-Dec-15,442.4,0.858077,0.006021,3.58,0.482244,2.53,0.000203
22-Dec-15,436.57,0.864202,0.006193,3.42,0.480099,2.55,0.000194
21-Dec-15,438.64,0.900771,0.006269,3.46,0.488745,2.47,0.000192
20-Dec-15,442.69,0.903885,0.006235,3.54,0.507456,2.49,0.000155
19-Dec-15,462.32,0.908072,0.006291,3.72,0.471013,2.61,0.000162
18-Dec-15,463.62,0.920127,0.006387,3.76,0.499438,2.65,0.000182
17-Dec-15,456.08,0.940701,0.006694,3.74,0.501231,2.61,0.000243
16-Dec-15,454.93,0.991182,0.006755,3.7,0.518993,2.69,0.000183
15-Dec-15,465.32,1.01,0.006684,3.83,0.556358,2.68,0.000126
14-Dec-15,444.18,0.993022,0.007614,3.61,0.534761,2.69,0.000138
13-Dec-15,433.75,0.952884,0.008779,3.63,0.465171,2.73,0.000143
12-Dec-15,435,0.976973,0.008536,3.61,0.455326,2.58,0.000127
11-Dec-15,451.94,0.929762,0.008441,3.84,0.458294,2.69,0.000146
10-Dec-15,415.48,0.840396,0.008444,3.66,0.431434,2.44,0.000146
9-Dec-15,417.56,0.792167,0.008523,3.67,0.452073,2.51,0.000137
8-Dec-15,415.56,0.822118,0.006775,3.69,0.42936,2.4,0.000133
7-Dec-15,395.54,0.811264,0.00556,3.65,0.421295,2.33,0.000126
6-Dec-15,388.78,0.8355,0.005344,3.47,0.439947,2.34,0.000104
5-Dec-15,388.95,0.862438,0.005301,3.52,0.451304,2.32,0.000118
4-Dec-15,363.18,0.840041,0.004754,3.36,0.370805,2.34,0.000118
3-Dec-15,361.05,0.812143,0.004262,3.38,0.366891,2.34,0.000108
2-Dec-15,359.19,0.82121,0.004173,3.34,0.368688,2.18,0.000102
1-Dec-15,362.49,0.8748,0.00409,3.43,0.376028,2.08,0.000116
30-Nov-15,377.32,0.873119,0.004201,3.62,0.395225,2.17,0.000106
29-Nov-15,371.29,0.878614,0.004299,3.67,0.401147,2.15,0.000104
28-Nov-15,357.38,0.915703,0.004238,3.52,0.39204,2.08,0.000107
27-Nov-15,358.04,0.867951,0.004276,3.58,0.386268,2.16,0.000093
26-Nov-15,352.68,0.884183,0.004291,3.61,0.404663,2.19,0.000111
25-Nov-15,328.21,0.863537,0.004318,3.34,0.387684,2.15,0.000108
24-Nov-15,320.05,0.900191,0.004242,3.11,0.390148,2.08,0.0001
23-Nov-15,323.05,0.946969,0.004288,3.12,0.391113,2.14,0.000106
22-Nov-15,324.54,0.968018,0.004267,3.14,0.395824,2.06,0.0001
21-Nov-15,326.93,0.97614,0.004245,3.15,0.391906,2.2,0.000103
20-Nov-15,322.02,0.92492,0.004227,3.12,0.389316,2.23,0.000113
19-Nov-15,326.15,0.955532,0.004222,3.13,0.407052,2.21,0.000111
18-Nov-15,334.59,0.993319,0.004258,3.19,0.415567,2.36,0.000109
17-Nov-15,335.09,1.01,0.00425,3.2,0.428999,2.26,0.000097
16-Nov-15,330.75,0.928962,0.004234,3.19,0.435954,2.31,0.000129
15-Nov-15,320.17,0.906368,0.004165,3.07,0.43081,2.31,0.000112
14-Nov-15,332.91,0.888812,0.004328,3.19,0.424853,2.36,0.000121
13-Nov-15,336.75,0.904096,0.004477,3.23,0.452619,2.53,0.000128
12-Nov-15,338.15,0.895711,0.004541,3.28,0.443275,2.54,0.000132
11-Nov-15,311.08,0.791829,0.004264,2.97,0.450299,2.29,0.000127
10-Nov-15,336.82,0.934348,0.004406,3.12,0.460954,2.42,0.000132
9-Nov-15,380.26,0.999278,0.004609,3.4,0.472776,2.53,0.000152
8-Nov-15,373.37,1.03,0.004647,3.42,0.497654,2.53,0.000141
7-Nov-15,386.48,0.927974,0.004694,3.6,0.452638,2.71,0.000164
6-Nov-15,374.47,0.926032,0.004562,3.55,0.439195,2.7,0.000142
5-Nov-15,386.35,0.895637,0.004506,3.96,0.43253,2.53,0.000151
4-Nov-15,411.56,0.89905,0.004947,4.23,0.505869,2.61,0.000151
3-Nov-15,403.42,1.01,0.005383,4.59,0.442707,2.69,0.000172
2-Nov-15,361.19,0.989789,0.005156,4.16,0.442886,2.61,0.000162
1-Nov-15,325.43,1.06,0.004901,3.96,0.423505,2.66,0.00015
31-Oct-15,314.17,0.916627,0.004687,3.8,0.404538,2.31,0.000145
30-Oct-15,328.01,1.04,0.004839,4.06,0.456442,2.54,0.000158
29-Oct-15,313.86,1.21,0.004634,3.78,0.447103,2.39,0.00014
28-Oct-15,304.62,1,0.004675,3.1,0.448829,2.14,0.00012
27-Oct-15,293.79,0.869641,0.004649,3.09,0.409574,2.1,0.000117
26-Oct-15,285.3,0.731317,0.004675,3.1,0.38796,2.24,0.000114
25-Oct-15,283.68,0.616039,0.004556,3.07,0.407067,2.17,0.000119
24-Oct-15,281.65,0.56359,0.004662,3.1,0.395808,2.24,0.000123
23-Oct-15,276.5,0.539657,0.004677,3.11,0.393922,2.33,0.000119
22-Oct-15,274.02,0.567702,0.004723,3.11,0.403236,2.41,0.000118
21-Oct-15,266.27,0.447329,0.004697,3.08,0.394597,2.28,0.000117
20-Oct-15,269.46,0.434829,0.004731,3.09,0.399646,2.41,0.000117
19-Oct-15,263.44,0.489014,0.005043,3.05,0.403212,2.34,0.000108
18-Oct-15,261.64,0.517734,0.004979,3.02,0.409797,2.37,0.000124
17-Oct-15,270.64,0.547178,0.005203,3.07,0.426942,2.43,0.000124
16-Oct-15,262.87,0.536495,0.005398,3.11,0.411511,2.34,0.000117
15-Oct-15,254.32,0.561878,0.005399,3.1,0.390841,2.25,0.000113
14-Oct-15,251.99,0.522968,0.005418,3.14,0.384266,2.32,0.000116
13-Oct-15,249.51,0.607655,0.005377,3.18,0.388015,2.35,0.000119
12-Oct-15,245.31,0.62603,0.00526,3.14,0.395317,2.34,0.000117
11-Oct-15,247.05,0.634963,0.005182,3.15,0.380724,2.39,0.000109
10-Oct-15,244.94,0.627857,0.005037,3.11,0.387789,2.43,0.000112
9-Oct-15,243.93,0.650628,0.004983,3.11,0.397329,2.36,0.000117
8-Oct-15,242.3,0.621716,0.005031,3.06,0.387872,2.38,0.000118
7-Oct-15,242.97,0.609388,0.005375,3.06,0.393186,2.4,0.000136
6-Oct-15,246.06,0.650645,0.005328,3.15,0.411378,2.39,0.000123
5-Oct-15,240.38,0.628643,0.005008,3.02,0.416151,2.34,0.000119
4-Oct-15,238.26,0.668379,0.005236,3.01,0.400312,2.17,0.000122
3-Oct-15,238.73,0.687171,0.005517,3.03,0.409928,2.17,0.000127
2-Oct-15,237.29,0.678574,0.005868,2.99,0.409897,2.22,0.000149
1-Oct-15,237.55,0.690215,0.005448,3,0.404696,2.29,0.000175
30-Sep-15,236.06,0.738644,0.00552,3.01,0.399882,2.34,0.000151
29-Sep-15,236.69,0.661146,0.005579,2.97,0.435817,2.34,0.000149
28-Sep-15,239.14,0.582886,0.006293,3.07,0.448998,2.38,0.000139
27-Sep-15,232.76,0.720839,0.006536,2.87,0.43771,2.36,0.00013
26-Sep-15,234.34,0.785964,0.006501,2.89,0.445105,2.33,0.000131
25-Sep-15,235.14,0.736223,0.00665,2.89,0.451515,2.45,0.000134
24-Sep-15,234.53,0.81361,0.00671,2.93,0.468678,2.44,0.000116
23-Sep-15,230.28,0.893406,0.006668,2.87,0.464606,2.43,0.00012
22-Sep-15,230.62,0.901796,0.007168,2.84,0.471829,2.46,0.00013
21-Sep-15,227.09,0.919047,0.007247,2.8,0.480452,2.35,0.000102
20-Sep-15,231.21,0.938445,0.007637,2.85,0.485971,2.39,0.0001
19-Sep-15,231.49,0.882391,0.007482,2.87,0.496418,2.36,0.000102
18-Sep-15,232.97,0.853685,0.007529,2.96,0.50044,2.46,0.0001
17-Sep-15,229.81,0.874231,0.007372,2.91,0.494782,2.37,0.000108
16-Sep-15,229.09,0.907175,0.007426,2.8,0.509974,2.37,0.000106
15-Sep-15,230.3,0.94441,0.00772,2.82,0.502379,2.32,0.000099
14-Sep-15,230.64,0.875622,0.007404,2.84,0.482289,2.31,0.00009
13-Sep-15,230.51,0.936003,0.008532,2.82,0.462865,2.34,0.00009
12-Sep-15,235.23,1.04,0.008197,2.83,0.465473,2.43,0.000087
11-Sep-15,240.11,0.982978,0.008444,2.96,0.495325,2.38,0.000094
10-Sep-15,238.48,1.17,0.007663,2.95,0.497247,2.38,0.000091
9-Sep-15,238.17,1.21,0.007678,2.92,0.506011,2.44,0.00009
8-Sep-15,243.61,1.24,0.007831,3.05,0.517402,2.33,0.000099
7-Sep-15,239.85,1.25,0.007918,3.05,0.499452,2.38,0.000096
6-Sep-15,239.84,1.3,0.007891,3.05,0.505111,2.49,0.000096
5-Sep-15,235.02,1.34,0.00786,2.92,0.481594,2.51,0.000086
4-Sep-15,230.3,1.27,0.007355,2.7,0.467874,2.45,0.000097
3-Sep-15,227.18,1.26,0.007431,2.63,0.45929,2.47,0.000089
2-Sep-15,229.28,1.29,0.0077,2.8,0.468083,2.51,0.000088
1-Sep-15,228.12,1.35,0.007815,2.82,0.458517,2.54,0.0001
31-Aug-15,230.06,1.36,0.007884,2.84,0.467238,2.58,0.000094
30-Aug-15,228.76,1.32,0.00805,2.85,0.459009,2.56,0.000104
29-Aug-15,229.78,1.18,0.007751,2.88,0.47655,2.6,0.000096
28-Aug-15,231.4,1.19,0.007433,2.91,0.481627,2.6,0.000093
27-Aug-15,224.77,1.15,0.007551,2.87,0.465475,2.56,0.000097
26-Aug-15,225.83,1.16,0.007492,2.95,0.496679,2.61,0.00009
25-Aug-15,221.61,1.14,0.007126,2.94,0.490286,2.53,0.000086
24-Aug-15,210.5,1.23,0.007397,2.99,0.434871,2.38,0.000093
23-Aug-15,228.17,1.35,0.007552,3.39,0.544585,2.64,0.000098
22-Aug-15,230.39,1.38,0.007722,3.51,0.553084,2.68,0.000101
21-Aug-15,232.57,1.4,0.007881,3.57,0.568307,2.76,0.000101
20-Aug-15,235.35,1.46,0.007872,3.61,0.597797,2.78,0.000106
19-Aug-15,226.68,1.26,0.007758,3.48,0.534101,2.64,0.0001
18-Aug-15,211.08,1.09,0.007552,3.47,0.493284,2.67,0.000092
17-Aug-15,257.98,1.2,0.008301,3.98,0.610122,2.91,0.000119
16-Aug-15,258.51,1.57,0.008315,3.95,0.620167,2.94,0.000123
15-Aug-15,261.55,1.69,0.00842,3.93,0.613236,2.98,0.000119
14-Aug-15,265.68,1.83,0.008337,4.03,0.609906,3.03,0.000121
13-Aug-15,264.08,1.83,0.008147,3.88,0.575855,3.06,0.000123
12-Aug-15,266.38,1.22,0.008271,3.99,0.622923,3.06,0.000133
11-Aug-15,270.39,1.07,0.008591,4.16,0.603582,3.16,0.000135
10-Aug-15,264.47,0.708448,0.00875,3.95,0.656576,3.08,0.000135
9-Aug-15,265.08,0.701897,0.008808,3.9,0.674739,3.11,0.00013
8-Aug-15,261,0.753325,0.008476,3.85,0.676046,3.08,0.000136
7-Aug-15,279.58,2.77,0.008152,4.21,0.742292,3.26,0.000145
6-Aug-15,278.58,,0.008024,4.06,0.729102,3.52,0.000141
5-Aug-15,281.88,,0.008224,4.35,0.618616,3.58,0.000148
4-Aug-15,285.22,,0.008271,4.38,0.618406,3.64,0.000148
3-Aug-15,281.23,,0.008281,4.16,0.595818,3.61,0.000154
2-Aug-15,282.61,,0.00823,4.17,0.624904,3.62,0.000154
1-Aug-15,281.6,,0.008222,4.15,0.588741,3.61,0.000164
31-Jul-15,284.65,,0.008437,4.64,0.574956,3.68,0.000164
30-Jul-15,287.72,,0.008491,4.58,0.583228,3.64,0.000166
29-Jul-15,289.59,,0.008519,4.8,0.589967,3.64,0.000161
28-Jul-15,294.43,,0.008449,5.06,0.615015,3.69,0.000174
27-Jul-15,293.62,,0.008562,4.67,0.59605,3.76,0.000163
26-Jul-15,292.69,,0.008115,4.66,0.584723,3.78,0.000173
25-Jul-15,288.7,,0.007888,4.63,0.566003,3.75,0.000184
24-Jul-15,288.28,,0.007656,4.6,0.576016,3.69,0.000177
23-Jul-15,276.05,,0.007487,3.78,0.570335,3.58,0.000146
22-Jul-15,277.22,,0.007579,3.82,0.57342,3.63,0.000142
21-Jul-15,275.83,,0.007711,3.77,0.587578,3.6,0.000149
20-Jul-15,278.98,,0.007948,3.94,0.547709,3.69,0.000149
19-Jul-15,273.61,,0.008091,3.77,0.537989,3.62,0.000148
18-Jul-15,274.9,,0.00806,4,0.523595,3.71,0.000146
17-Jul-15,279.47,,0.008026,3.79,0.535182,3.76,0.000149
16-Jul-15,278.09,,0.008062,3.69,0.536325,3.53,0.000142
15-Jul-15,285.83,,0.008516,4.21,0.541855,3.66,0.000148
14-Jul-15,287.46,,0.008631,4.65,0.570033,3.72,0.000158
13-Jul-15,292.05,,0.008569,4.68,0.572132,3.74,0.000157
12-Jul-15,310.87,,0.008614,5.29,0.628094,4.1,0.000157
11-Jul-15,293.12,,0.008615,4.37,0.539175,3.84,0.000161
10-Jul-15,284.89,,0.008847,4.51,0.520876,4.05,0.000149
9-Jul-15,269.23,,0.008987,7.54,0.497226,3.11,0.000144
8-Jul-15,270.79,,0.009449,6.36,0.51399,2.98,0.000161
7-Jul-15,266.21,,0.00958,5.23,0.512376,2.97,0.000142
6-Jul-15,269.03,,0.009873,5.42,0.505507,3.09,0.000126
5-Jul-15,271.91,,0.010021,4.95,0.521969,3.09,0.000129
4-Jul-15,260.89,,0.010782,4.11,0.507361,3.09,0.000141
3-Jul-15,256.34,,0.011099,4.12,0.491196,2.96,0.000143
2-Jul-15,255.41,,0.011037,4.07,0.492605,2.91,0.000143
1-Jul-15,258.62,,0.011198,3.92,0.498848,2.82,0.000142
30-Jun-15,263.07,,0.011319,4.09,0.500266,2.86,0.000161
29-Jun-15,257.06,,0.011977,3.74,0.493447,2.79,0.00015
28-Jun-15,249.01,,0.011467,3.31,0.470636,2.73,0.000152
27-Jun-15,250.99,,0.011445,3.1,0.491951,2.79,0.000157
26-Jun-15,243.59,,0.011288,2.86,0.484247,2.82,0.000148
25-Jun-15,242.8,,0.011048,2.85,0.503678,2.83,0.000154
24-Jun-15,240.51,,0.010914,2.78,0.506506,2.81,0.000156
23-Jun-15,244.3,,0.010667,2.97,0.526921,2.85,0.000158
22-Jun-15,246.99,,0.010567,3.03,0.540599,2.89,0.000156
21-Jun-15,243.94,,0.010314,3.02,0.523274,2.84,0.000161
20-Jun-15,245.21,,0.011039,3.04,0.53798,2.87,0.000158
19-Jun-15,244.61,,0.011207,2.81,0.511796,2.9,0.000155
18-Jun-15,249.01,,0.010252,3.1,0.50388,2.96,0.000172
17-Jun-15,249.28,,0.009678,2.89,0.50334,3,0.00016
16-Jun-15,250.9,,0.009424,2.88,0.506086,2.99,0.00016
15-Jun-15,236.82,,0.008579,2.02,0.508224,2.74,0.000147
14-Jun-15,233.54,,0.008147,2,0.49497,2.81,0.000155
13-Jun-15,232.4,,0.008093,1.86,0.489472,2.8,0.000155
12-Jun-15,229.98,,0.008057,1.8,0.470966,2.8,0.000148
11-Jun-15,229.71,,0.008042,1.79,0.462852,2.78,0.000148
10-Jun-15,228.8,,0.007999,1.76,0.479738,2.7,0.000153
9-Jun-15,229.05,,0.007995,1.8,0.495991,2.77,0.000148
8-Jun-15,228.49,,0.007999,1.79,0.542956,2.83,0.000171
7-Jun-15,222.88,,0.007874,1.73,0.517933,2.81,0.000168
6-Jun-15,225.62,,0.007905,1.76,0.526428,2.82,0.00017
5-Jun-15,224.95,,0.007956,1.76,0.498892,2.82,0.000179
4-Jun-15,224.32,,0.007879,1.67,0.476494,2.8,0.000172
3-Jun-15,225.87,,0.008012,1.69,0.453476,2.75,0.000177
2-Jun-15,225.8,,0.007981,1.67,0.455539,2.8,0.000178
1-Jun-15,222.93,,0.007579,1.62,0.451619,2.65,0.00017
31-May-15,230.19,,0.00829,1.64,0.450889,2.76,0.000177
30-May-15,233.34,,0.008409,1.81,0.445107,2.71,0.000185
29-May-15,237.1,,0.009056,1.83,0.439872,2.82,0.000183
28-May-15,237.41,,0.007857,1.84,0.443637,2.74,0.000196
27-May-15,237.28,,0.006937,1.85,0.421971,2.63,0.000197
26-May-15,237.12,,0.006794,1.82,0.446883,2.67,0.000183
25-May-15,237.11,,0.006925,1.8,0.463606,2.82,0.000178
24-May-15,240.95,,0.006809,1.83,0.479603,2.9,0.000182
23-May-15,238.87,,0.0068,1.79,0.470987,2.87,0.000177
22-May-15,240.35,,0.006649,1.83,0.460764,2.91,0.000177
21-May-15,235.34,,0.006573,1.48,0.462956,2.84,0.000172
20-May-15,234.02,,0.006636,1.46,0.492917,2.88,0.000172
19-May-15,231.95,,0.006539,1.45,0.51466,2.89,0.000171
18-May-15,233.13,,0.005748,1.45,0.535773,2.86,0.000169
17-May-15,236.8,,0.006329,1.45,0.557216,2.93,0.00016
16-May-15,236.15,,0.006588,1.45,0.595673,3,0.000156
15-May-15,237.6,,0.006655,1.45,0.544965,2.87,0.000164
14-May-15,236.93,,0.006602,1.45,0.495548,2.84,0.00016
13-May-15,236.38,,0.006857,1.45,0.483207,2.69,0.000159
12-May-15,241.11,,0.007213,1.45,0.477612,2.71,0.000165
11-May-15,242.16,,0.00736,1.44,0.511342,2.76,0.000155
10-May-15,240.3,,0.007382,1.44,0.565103,2.68,0.000151
9-May-15,241.83,,0.007574,1.45,0.513693,2.76,0.00015
8-May-15,243.86,,0.007491,1.48,0.490568,2.76,0.000155
7-May-15,237.33,,0.007529,1.46,0.473934,2.81,0.000156
6-May-15,229.78,,0.007782,1.39,0.458257,2.82,0.000143
5-May-15,236.12,,0.00791,1.41,0.471166,2.85,0.000141
4-May-15,239.02,,0.008017,1.41,0.467889,2.88,0.000151
3-May-15,240.36,,0.008055,1.43,0.499079,2.7,0.000149
2-May-15,234.93,,0.008037,1.42,0.497577,2.75,0.000155
1-May-15,232.08,,0.008018,1.41,0.499998,2.74,0.000156
30-Apr-15,236.15,,0.008029,1.44,0.501179,2.97,0.000157
29-Apr-15,225.81,,0.007863,1.36,0.491526,2.97,0.000147
28-Apr-15,225.85,,0.00763,1.36,0.47931,3.04,0.000149
27-Apr-15,229.29,,0.007765,1.38,0.566088,2.99,0.000163
26-Apr-15,219.43,,0.00774,1.32,0.556385,3.05,0.000134
25-Apr-15,226.39,,0.008291,1.4,0.56474,3.1,0.00014
24-Apr-15,231.27,,0.008077,1.42,0.569937,3.18,0.00015
23-Apr-15,236.46,,0.008019,1.46,0.603233,3.63,0.000137
22-Apr-15,234.18,,0.008025,1.45,0.576331,3.25,0.000138
21-Apr-15,235.27,,0.007968,1.42,0.632725,2.89,0.000137
20-Apr-15,224.63,,0.007932,1.41,0.678942,2.65,0.000133
19-Apr-15,222.6,,0.007846,1.39,0.662209,2.8,0.000147
18-Apr-15,223.36,,0.0079,1.41,0.694249,2.93,0.000141
17-Apr-15,222.88,,0.008025,1.41,0.658304,2.83,0.000167
16-Apr-15,228.57,,0.00801,1.42,0.678599,3.01,0.000163
15-Apr-15,223.83,,0.007949,1.38,0.673307,3.02,0.000155
14-Apr-15,219.16,,0.008159,1.38,0.656934,3.1,0.000153
13-Apr-15,224.59,,0.008194,1.38,0.691741,3.21,0.000139
12-Apr-15,236.15,,0.00861,1.46,0.800135,3.3,0.000146
11-Apr-15,236.55,,0.0083,1.46,0.827207,3.33,0.000163
10-Apr-15,236.07,,0.008512,1.53,0.800381,3.23,0.000175
9-Apr-15,243.68,,0.00878,1.59,0.758207,3.42,0.000224
8-Apr-15,245.02,,0.009198,1.63,0.755192,3.68,0.000228
7-Apr-15,253.18,,0.009071,1.67,0.833302,3.78,0.000241
6-Apr-15,255.49,,0.008786,1.69,0.789463,4.09,0.000289
5-Apr-15,260.6,,0.008739,1.7,0.883731,4.17,0.000232
4-Apr-15,253.7,,0.008844,1.69,0.85929,4.13,0.000277
3-Apr-15,254.32,,0.00872,1.7,0.952245,4.36,0.00031
2-Apr-15,253,,0.007906,1.68,0.96926,4.54,0.000314
1-Apr-15,247.27,,0.007668,1.66,1.01,3.83,0.000242
31-Mar-15,244.22,,0.007772,1.65,0.907059,4.02,
30-Mar-15,247.53,,0.008453,1.67,0.853188,4.34,
29-Mar-15,242.71,,0.008498,1.66,0.712153,4.6,
28-Mar-15,252.8,,0.008851,1.7,0.795417,5.04,
27-Mar-15,247.03,,0.008895,1.69,0.777714,4.76,
26-Mar-15,248.53,,0.008764,1.7,0.746328,4.99,
25-Mar-15,246.2,,0.009115,1.67,0.767497,5.28,
24-Mar-15,245.59,,0.009757,1.65,0.711852,5.07,
23-Mar-15,266.74,,0.010308,1.78,0.766353,4.98,
22-Mar-15,267.96,,0.010196,1.8,0.777347,4.61,
21-Mar-15,260.02,,0.010182,1.75,0.743222,4.63,
20-Mar-15,261.75,,0.010446,1.77,0.633158,3.7,
19-Mar-15,260.93,,0.01048,1.76,0.677382,3.37,
18-Mar-15,256.3,,0.010575,1.74,0.638029,3.09,
17-Mar-15,285.5,,0.010929,1.98,0.752221,3.27,
16-Mar-15,290.59,,0.010968,2.03,0.805943,3.3,
15-Mar-15,286.39,,0.010817,2.02,0.69425,3.12,
14-Mar-15,281.88,,0.011088,2,0.676167,2.93,
13-Mar-15,285.34,,0.010511,2.01,0.644822,2.91,
12-Mar-15,294.35,,0.010359,2.04,0.684608,3.07,
11-Mar-15,296.38,,0.010229,2.03,0.715782,3.13,
10-Mar-15,291.76,,0.010086,2.01,0.791843,3.03,
9-Mar-15,289.61,,0.010643,1.94,0.63489,3.54,
8-Mar-15,274.35,,0.009961,1.89,0.484062,3.39,
7-Mar-15,276.26,,0.010535,1.91,0.457321,3.43,
6-Mar-15,272.72,,0.010856,1.9,0.486039,3.33,
5-Mar-15,276.18,,0.011543,1.92,0.469626,3.41,
4-Mar-15,273.09,,0.010032,1.93,0.413151,3.5,
3-Mar-15,281.7,,0.010593,1.96,0.415078,3.47,
2-Mar-15,275.67,,0.012192,1.94,0.428434,3.62,
1-Mar-15,260.2,,0.012239,1.89,0.426028,3.33,
28-Feb-15,254.26,,0.012998,1.84,0.427227,3.24,
27-Feb-15,253.83,,0.01336,1.85,0.381008,3.04,
26-Feb-15,236.43,,0.013299,1.81,0.357721,2.73,
25-Feb-15,237.47,,0.013401,1.8,0.365243,2.77,
24-Feb-15,238.74,,0.013396,1.83,0.340267,2.94,
23-Feb-15,238.89,,0.013334,1.82,0.337887,2.52,
22-Feb-15,235.98,,0.01313,1.8,0.313139,2.53,
21-Feb-15,244.53,,0.013286,1.85,0.302557,2.78,
20-Feb-15,243.78,,0.013481,1.85,0.305673,2.74,
19-Feb-15,240.28,,0.013758,1.85,0.282791,2.83,
18-Feb-15,236.33,,0.013791,1.83,0.248507,2.84,
17-Feb-15,243.61,,0.014031,1.85,0.253231,2.63,
16-Feb-15,233.84,,0.01375,1.8,0.251039,2.75,
15-Feb-15,234.82,,0.013712,1.84,0.25138,2.76,
14-Feb-15,257.32,,0.014956,1.94,0.280322,2.88,
13-Feb-15,235.43,,0.014566,1.82,0.255641,2.92,
12-Feb-15,221.76,,0.014039,1.76,0.246741,2.81,
11-Feb-15,219.19,,0.013776,1.73,0.231497,3.23,
10-Feb-15,219.84,,0.013649,1.76,0.244719,2.49,
9-Feb-15,220.11,,0.013994,1.73,0.251738,2.17,
8-Feb-15,223.41,,0.014427,1.78,0.265034,1.84,
7-Feb-15,227.75,,0.014577,1.78,0.275702,1.86,
6-Feb-15,222.27,,0.015185,1.76,0.270772,1.79,
5-Feb-15,217.11,,0.014466,1.74,0.272273,1.77,
4-Feb-15,226.85,,0.013498,1.79,0.289486,1.83,
3-Feb-15,227.27,,0.013025,1.82,0.288734,1.79,
2-Feb-15,238.23,,0.01367,1.88,0.301242,1.93,
1-Feb-15,226.97,,0.014139,1.8,0.299954,1.88,
31-Jan-15,217.46,,0.014298,1.87,0.284363,1.61,
30-Jan-15,226.43,,0.014443,1.9,0.294018,1.64,
29-Jan-15,233.51,,0.014706,1.92,0.309911,1.64,
28-Jan-15,233.91,,0.01497,1.87,0.290979,1.65,
27-Jan-15,263.48,,0.015841,2.09,0.320371,1.82,
26-Jan-15,273.47,,0.016019,2.08,0.317078,1.88,
25-Jan-15,253.72,,0.016578,2.25,0.310227,1.81,
24-Jan-15,247.85,,0.016736,1.84,0.298369,1.74,
23-Jan-15,232.88,,0.016734,1.43,0.283141,1.59,
22-Jan-15,233.41,,0.01701,1.42,0.273442,1.63,
21-Jan-15,226.9,,0.016653,1.37,0.261268,1.6,
20-Jan-15,211.31,,0.016112,1.32,0.236223,1.43,
19-Jan-15,214.86,,0.015991,1.34,0.254181,1.37,
18-Jan-15,210.34,,0.015622,1.33,0.258656,1.31,
17-Jan-15,199.26,,0.015361,1.29,0.248057,1.22,
16-Jan-15,208.1,,0.016403,1.4,0.278449,1.28,
15-Jan-15,209.84,,0.016444,1.28,0.261714,1.29,
14-Jan-15,178.1,,0.014233,1.16,0.223522,1.08,
13-Jan-15,225.86,,0.015648,1.54,0.309479,1.35,
12-Jan-15,267.8,,0.018434,1.71,0.364316,1.66,
11-Jan-15,265.66,,0.018765,1.72,0.378748,1.64,
10-Jan-15,274.8,,0.019233,1.65,0.419216,1.66,
9-Jan-15,290.41,,0.020576,1.98,0.431801,1.71,
8-Jan-15,283.35,,0.020676,2.01,0.429175,1.72,
7-Jan-15,294.34,,0.020843,2.12,0.463607,1.72,
6-Jan-15,286.19,,0.020732,2.11,0.461609,1.72,
5-Jan-15,274.47,,0.020316,2.08,0.421412,1.67,
4-Jan-15,264.19,,0.018928,1.96,0.417234,1.63,
3-Jan-15,281.08,,0.022106,2.13,0.461172,1.72,
2-Jan-15,315.03,,0.024318,2.67,0.459137,1.94,
1-Jan-15,314.25,,0.02439,2.7,0.46576,1.94,
31-Dec-14,320.19,,0.024438,2.72,0.43466,1.97,
30-Dec-14,310.74,,0.0242,2.7,0.489046,1.89,
29-Dec-14,312.67,,0.024231,2.69,0.487799,1.91,
28-Dec-14,317.24,,0.023764,2.73,0.563872,1.95,
27-Dec-14,315.86,,0.024074,2.72,0.510573,1.95,
26-Dec-14,327.92,,0.025308,2.78,0.4337,2.03,
25-Dec-14,319.01,,0.024138,2.7,0.452427,1.8,
24-Dec-14,322.53,,0.023382,2.74,0.425367,1.93,
23-Dec-14,334.57,,0.023878,2.88,0.381093,1.92,
22-Dec-14,331.89,,0.025562,2.89,0.344799,1.91,
21-Dec-14,320.84,,0.024921,2.85,0.343806,1.91,
20-Dec-14,329.96,,0.024207,2.92,0.339099,1.98,
19-Dec-14,317.84,,0.023338,2.87,0.319859,1.89,
18-Dec-14,311.4,,0.02794,2.81,0.316383,1.81,
17-Dec-14,319.78,,0.026065,2.94,0.338319,1.94,
16-Dec-14,327.06,,0.021539,3.02,0.337857,1.98,
15-Dec-14,345.35,,0.018242,3.45,0.382897,2.13,
14-Dec-14,351.63,,0.017127,3.48,0.383506,2.24,
13-Dec-14,347.38,,0.016992,3.48,0.375961,2.24,
12-Dec-14,352.54,,0.016374,3.49,0.375733,2.27,
11-Dec-14,350.51,,0.016374,3.48,0.398488,2.29,
10-Dec-14,346.37,,0.015908,3.5,0.389659,2.24,
9-Dec-14,352.22,,0.015068,3.52,0.389608,2.26,
8-Dec-14,361.91,,0.013421,3.65,0.448344,2.3,
7-Dec-14,375.1,,0.014794,3.71,0.470556,2.37,
6-Dec-14,374.79,,0.014406,3.61,0.443703,2.35,
5-Dec-14,376.85,,0.013785,3.62,0.428893,2.37,
4-Dec-14,369.6,,0.013343,3.59,0.456468,2.33,
3-Dec-14,375.01,,0.01313,3.61,0.507566,2.43,
2-Dec-14,381.31,,0.013158,3.63,0.527409,2.43,
1-Dec-14,379.25,,0.012559,3.58,0.4745,2.37,
30-Nov-14,378.05,,0.011211,3.58,0.567552,2.39,
29-Nov-14,375.49,,0.013982,3.59,0.565711,2.37,
28-Nov-14,376.45,,0.015165,3.6,0.564761,2.38,
27-Nov-14,369.67,,0.014205,3.56,0.55754,2.32,
26-Nov-14,368.37,,0.011004,3.56,0.562741,2.36,
25-Nov-14,375.35,,0.00974,3.57,0.595471,2.37,
24-Nov-14,376.9,,0.008562,3.63,0.53174,2.32,
23-Nov-14,367.57,,0.008599,3.59,0.526897,2.31,
22-Nov-14,352.92,,0.007663,3.52,0.534829,2.26,
21-Nov-14,350.85,,0.006589,3.5,0.53249,2.22,
20-Nov-14,357.84,,0.006058,3.61,0.525171,2.26,
19-Nov-14,380.56,,0.005696,3.81,0.559003,2.38,
18-Nov-14,375.2,,0.005432,3.77,0.599073,2.36,
17-Nov-14,387.41,,0.00534,3.88,0.58478,2.33,
16-Nov-14,387.88,,0.005181,3.88,0.654531,2.74,
15-Nov-14,376.13,,0.005052,3.85,0.641145,2.49,
14-Nov-14,397.82,,0.005197,3.99,0.689225,2.41,
13-Nov-14,420.74,,0.005035,4.1,0.70453,2.58,
12-Nov-14,423.56,,0.005097,4.07,0.73232,2.64,
11-Nov-14,367.69,,0.004899,3.68,0.717955,2.43,
10-Nov-14,366.92,,0.004901,3.7,0.735697,2.53,
9-Nov-14,363.26,,0.004926,3.63,0.721369,2.99,
8-Nov-14,345.49,,0.004907,3.56,0.643877,2.73,
7-Nov-14,342.42,,0.004877,3.56,0.616295,2.13,
6-Nov-14,349.29,,0.004877,3.65,0.595903,1.99,
5-Nov-14,339.49,,0.004861,3.64,0.571982,1.75,
4-Nov-14,330.49,,0.004805,3.59,0.547635,1.65,
3-Nov-14,327.55,,0.00481,3.58,0.576323,1.63,
2-Nov-14,325.89,,0.004664,3.59,0.579494,1.66,
1-Nov-14,325.75,,0.004671,3.57,0.585832,1.67,
31-Oct-14,338.32,,0.004867,3.75,0.607218,1.79,
30-Oct-14,345.31,,0.00489,3.79,0.614064,1.79,
29-Oct-14,335.59,,0.004776,3.73,0.63306,1.61,
28-Oct-14,357.62,,0.004845,3.85,0.689257,1.9,
27-Oct-14,352.99,,0.004891,3.81,0.722831,1.91,
26-Oct-14,354.7,,0.004548,3.73,0.694402,1.93,
25-Oct-14,347.27,,0.004719,3.67,0.739802,1.92,
24-Oct-14,358.35,,0.005082,3.75,0.762157,2.04,
23-Oct-14,358.42,,0.005142,3.74,0.865496,2.11,
22-Oct-14,383.16,,0.005187,3.84,0.946716,2.07,
21-Oct-14,386.48,,0.005193,3.94,0.957783,2.08,
20-Oct-14,382.85,,0.005073,3.91,0.950394,2.11,
19-Oct-14,389.55,,0.004949,3.99,0.994436,2.27,
18-Oct-14,391.44,,0.004965,4.06,0.96583,2.29,
17-Oct-14,383.76,,0.004904,3.99,0.973198,2.27,
16-Oct-14,382.56,,0.004855,3.99,0.999458,2.18,
15-Oct-14,394.77,,0.004827,4.06,0.990811,2.07,
14-Oct-14,400.87,,0.004872,4.08,1.07,2.06,
13-Oct-14,390.41,,0.004784,3.86,1.1,2.57,
12-Oct-14,378.55,,0.004858,3.85,1.09,2.14,
11-Oct-14,362.3,,0.004753,3.77,1.08,2.17,
10-Oct-14,361.56,,0.004871,3.81,1.14,2.24,
9-Oct-14,365.03,,0.004824,3.9,1.11,2.4,
8-Oct-14,352.94,,0.004787,3.91,1.09,2.34,
7-Oct-14,336.19,,0.004765,3.86,1,2.13,
6-Oct-14,330.08,,0.00473,3.82,0.979703,2.25,
5-Oct-14,320.51,,0.004789,3.7,0.879503,2.25,
4-Oct-14,328.87,,0.004941,3.94,0.977628,2.24,
3-Oct-14,359.51,,0.005023,4.18,1.1,2.4,
2-Oct-14,375.07,,0.004874,4.32,1.19,2.44,
1-Oct-14,383.62,,0.004752,4.43,1.2,2.46,
30-Sep-14,386.94,,0.004644,4.47,1.22,2.7,
29-Sep-14,375.47,,0.004705,4.25,1.15,2.85,
28-Sep-14,377.18,,0.005282,4.23,1.22,2.9,
27-Sep-14,399.52,,0.004705,4.42,1.31,2.84,
26-Sep-14,404.43,,0.004616,4.43,1.39,2.89,
25-Sep-14,411.57,,0.004722,4.51,1.4,3,
24-Sep-14,423.2,,0.004668,4.67,1.51,3.34,
23-Sep-14,435.79,,0.004613,4.75,1.47,3.4,
22-Sep-14,402.15,,0.004657,4.24,1.26,3.36,
21-Sep-14,398.82,,0.00457,4.25,1.27,2.97,
20-Sep-14,408.9,,0.004772,4.29,1.27,3.18,
19-Sep-14,394.8,,0.004942,4.33,1.45,3.43,
18-Sep-14,424.44,,0.005135,4.69,1.57,3.87,
17-Sep-14,457.33,,0.005399,5.06,1.77,3.75,
16-Sep-14,466.06,,0.005124,5.07,1.84,3.33,
15-Sep-14,475.37,,0.00505,5.18,1.9,3.07,
14-Sep-14,477.89,,0.005136,5.4,1.82,2.8,
13-Sep-14,479,,0.004706,5.45,1.85,2.87,
12-Sep-14,477.75,,0.004713,5.38,1.88,2.85,
11-Sep-14,479.75,,0.004749,5.45,1.94,2.8,
10-Sep-14,479.36,,0.00475,5.34,1.97,2.82,
9-Sep-14,475.26,,0.004719,5.07,1.77,2.91,
8-Sep-14,474.6,,0.004711,5.1,1.87,2.78,
7-Sep-14,482.28,,0.004704,5.16,1.88,2.9,
6-Sep-14,484.83,,0.004795,4.98,1.95,2.98,
5-Sep-14,483.34,,0.004874,4.96,1.98,2.84,
4-Sep-14,489.66,,0.004805,5.18,2.05,3.08,
3-Sep-14,477.59,,0.004776,4.87,2.03,2.64,
2-Sep-14,477.43,,0.004641,4.82,1.96,2.32,
1-Sep-14,474.88,,0.005025,4.71,2.04,2.27,
31-Aug-14,477.76,,0.004887,4.86,2.17,2.41,
30-Aug-14,504.25,,0.004961,5.23,2.44,2.43,
29-Aug-14,508.52,,0.005017,5.36,2.21,2.55,
28-Aug-14,507.81,,0.005062,5.28,2.21,2.37,
27-Aug-14,511.15,,0.005015,5.39,2.01,2.29,
26-Aug-14,511.57,,0.004837,5.54,2.01,2.72,
25-Aug-14,502.5,,0.004974,5.21,2.05,2.68,
24-Aug-14,508.29,,0.005154,5.45,1.95,3.09,
23-Aug-14,498.07,,0.005016,4.9,1.81,2.99,
22-Aug-14,514.04,,0.005095,5.25,1.78,3.17,
21-Aug-14,517.24,,0.005117,5.8,1.82,3.38,
20-Aug-14,511.98,,0.005265,5.45,1.83,3.81,
19-Aug-14,485.25,,0.005051,4.67,1.65,3.32,
18-Aug-14,461.46,,0.004979,3.71,1.45,1.54,
17-Aug-14,491.8,,0.005177,4.33,1.46,2.36,
16-Aug-14,519.71,,0.005418,4.98,1.6,2.92,
15-Aug-14,497.01,,0.00541,5.05,1.59,3.64,
14-Aug-14,505.97,,0.005227,5.04,1.76,4.06,
13-Aug-14,546.66,,0.00497,5.04,1.9,4.86,
12-Aug-14,569.64,,0.005044,5.65,2,5.02,
11-Aug-14,576.37,,0.005214,6.06,2.08,5.08,
10-Aug-14,591.06,,0.004975,6.95,2.06,5.72,
9-Aug-14,589.37,,0.005242,6.94,2.1,5.59,
8-Aug-14,592.58,,0.005462,7.06,2.18,5.99,
7-Aug-14,588.87,,0.005343,7.18,2.14,5.65,
6-Aug-14,584.65,,0.005256,7.18,2.19,5.77,
5-Aug-14,585.44,,0.005104,7.27,2.15,5.41,
4-Aug-14,588.78,,0.004948,7.41,2.01,5.31,
3-Aug-14,586.67,,0.005215,7.54,2.36,5.8,
2-Aug-14,589.33,,0.005294,7.63,2.5,5.71,
1-Aug-14,594.92,,0.005369,7.7,2.67,5.64,
31-Jul-14,586.24,,0.005189,7.54,2.55,5.57,
30-Jul-14,567.29,,0.005097,7.26,2.54,4.45,
29-Jul-14,584.73,,0.006066,7.65,2.62,4.79,
28-Jul-14,585.69,,0.006157,7.59,2.7,5.17,
27-Jul-14,593.85,,0.006021,7.75,2.55,5.83,
26-Jul-14,595.81,,0.006041,7.6,2.62,5.97,
25-Jul-14,601.09,,0.006043,7.55,2.71,6.07,
24-Jul-14,601.73,,0.005929,7.79,2.36,6.18,
23-Jul-14,619.41,,0.006144,8.46,2.91,6.37,
22-Jul-14,621.55,,0.005643,8.57,3.2,6.41,
21-Jul-14,622.21,,0.005362,8.59,3.09,6.77,
20-Jul-14,623.9,,0.005383,8.46,2.63,7.11,
19-Jul-14,628.51,,0.005298,8.61,2.88,7.06,
18-Jul-14,628.78,,0.006364,8.72,2.62,7.21,
17-Jul-14,623.09,,0.006162,8.66,2.98,7.44,
16-Jul-14,616.8,,0.004898,8.32,2.71,6.35,
15-Jul-14,621.59,,0.004514,8.56,2.11,6.3,
14-Jul-14,619.32,,0.004367,8.62,1.97,6.2,
13-Jul-14,626.5,,0.004306,8.9,1.79,6.35,
12-Jul-14,633.71,,0.004317,8.62,1.73,6.54,
11-Jul-14,632,,0.004298,7.85,1.79,6.52,
10-Jul-14,616.76,,0.004074,7.79,1.89,6.79,
9-Jul-14,624.51,,0.003879,7.79,2.01,7.1,
8-Jul-14,624.82,,0.0033,7.73,2.35,7.17,
7-Jul-14,624.09,,0.003082,7.56,1.99,6.53,
6-Jul-14,635.81,,0.00281,7.11,2.4,6.66,
5-Jul-14,631.46,,0.003132,7.28,2.47,7.12,
4-Jul-14,630.69,,0.003246,7.34,2.64,7.56,
3-Jul-14,645.16,,0.00336,8.03,2.64,7.82,
2-Jul-14,650.88,,0.003484,8.16,2.31,6.99,
1-Jul-14,640.81,,0.003623,7.79,2.35,7.9,
30-Jun-14,639.8,,0.00378,8.95,2.5,8.93,
29-Jun-14,602.72,,0.004013,8.96,2.54,9.23,
28-Jun-14,596.55,,0.003923,9.19,2.55,9.53,
27-Jun-14,597.26,,0.003993,9.25,2.2,10.09,
26-Jun-14,581.14,,0.004051,9.09,2.89,10,
25-Jun-14,566.34,,0.003931,9.19,3.39,8.99,
24-Jun-14,582.36,,0.004049,9.63,3.28,9.44,
23-Jun-14,593.98,,0.004085,9.72,3.98,9.8,
22-Jun-14,602.27,,0.004187,9.77,4.35,9.46,
21-Jun-14,594.99,,0.00415,9.83,5.01,9.29,
20-Jun-14,594.15,,0.004188,9.83,4.56,10.34,
19-Jun-14,598.07,,0.00423,9.99,3.13,10.97,
18-Jun-14,607.96,,0.004247,9.68,2.79,10.22,
17-Jun-14,610.86,,0.004264,9.66,2.82,10.21,
16-Jun-14,592.19,,0.004173,9.71,3.18,10.13,
15-Jun-14,592.94,,0.004197,9.94,2.69,10.35,
14-Jun-14,577.36,,0.004017,9.93,2.34,10.24,
13-Jun-14,600.16,,0.004161,10.25,1.92,10.64,
12-Jun-14,586.95,,0.004048,10.17,1.74,10.18,
11-Jun-14,633.02,,0.004421,10.94,1.62,10.27,
10-Jun-14,653.15,,0.004547,11.11,1.73,11.65,
9-Jun-14,649.16,,0.004225,11.18,1.52,9.54,
8-Jun-14,656.14,,0.003974,11.27,1.34,9.5,
7-Jun-14,654.97,,0.003961,11.11,1.36,10.38,
6-Jun-14,653.7,,0.003916,11.2,1.24,11.77,
5-Jun-14,659.26,,0.003841,11.29,,10.61,
4-Jun-14,641.61,,0.003952,11.06,,12.5,
3-Jun-14,667.61,,0.004385,11.48,,13.9,
2-Jun-14,660.62,,0.004339,11.36,,14.48,
1-Jun-14,630.23,,0.004092,11.14,,12.93,
31-May-14,623.68,,0.004146,10.93,,11.33,
30-May-14,615.33,,0.004232,11.25,,11.05,
29-May-14,568.18,,0.004791,10.78,,9.38,
28-May-14,577.06,,0.005005,11.03,,7.21,
27-May-14,571.24,,0.004643,11.15,,10.57,
26-May-14,583.42,,0.003799,11.56,,11.29,
25-May-14,571.59,,0.003646,11.53,,15.13,
24-May-14,525.14,,0.004111,11.1,,12.1,
23-May-14,520.22,,0.003315,11.23,,13.49,
22-May-14,524.58,,0.003993,10.67,,11.23,
21-May-14,491.77,,0.006669,10.59,,7.99,
20-May-14,485.72,,0.006711,10.63,,6.88,
19-May-14,446.18,,0.006034,10.3,,6.94,
18-May-14,446.26,,0.006004,10.36,,6.38,
17-May-14,448.9,,0.006487,10.35,,4.74,
16-May-14,448.06,,0.00691,10.41,,5.92,
15-May-14,447.25,,0.007099,10.45,,5.76,
14-May-14,443.97,,0.007154,10.43,,4.01,
13-May-14,440.67,,0.00634,10.42,,2.77,
12-May-14,441.46,,0.005937,10.41,,2.47,
11-May-14,438.89,,0.005754,10.36,,2.57,
10-May-14,454.43,,0.005975,10.73,,2.57,
9-May-14,449.46,,0.006063,10.75,,2.23,
8-May-14,440.17,,0.00608,10.45,,1.65,
7-May-14,438.82,,0.006351,10.51,,1.63,
6-May-14,428.96,,0.005973,10.33,,1.61,
5-May-14,433.48,,0.005214,10.18,,1.67,
4-May-14,436.4,,0.005024,10.32,,1.55,
3-May-14,437.76,,0.005024,10.31,,1.2,
2-May-14,449.38,,0.005315,10.5,,1.35,
1-May-14,457.76,,0.005413,11.1,,1.52,
30-Apr-14,447.64,,0.005364,10.9,,1.54,
29-Apr-14,447.21,,0.005362,10.4,,1.64,
28-Apr-14,440.29,,0.005139,10.13,,1.67,
27-Apr-14,436.39,,0.004859,9.92,,1.71,
26-Apr-14,458.6,,0.005394,10.57,,1.72,
25-Apr-14,461.45,,0.005491,10.79,,1.69,
24-Apr-14,500.46,,0.006069,12.55,,1.06,
23-Apr-14,491.3,,0.00611,12.13,,0.873071,
22-Apr-14,487.92,,0.006059,12.07,,0.722089,
21-Apr-14,495.77,,0.006142,12.5,,0.708118,
20-Apr-14,498.17,,0.006214,12.62,,0.722926,
19-Apr-14,501.56,,0.006473,12.82,,0.736829,
18-Apr-14,479.64,,0.00621,12.06,,0.789777,
17-Apr-14,495.96,,0.006339,12.52,,0.615856,
16-Apr-14,527.39,,0.007023,13.37,,0.655656,
15-Apr-14,515.59,,0.007719,13.25,,0.647564,
14-Apr-14,458.79,,0.006518,11.52,,0.583917,
13-Apr-14,414.06,,0.005987,10.31,,0.539027,
12-Apr-14,421.12,,0.006257,10.66,,0.571875,
11-Apr-14,420.95,,0.006582,10.95,,0.548907,
10-Apr-14,365.18,,0.006318,8.46,,0.457036,
9-Apr-14,442.73,,0.007866,11.19,,0.587437,
8-Apr-14,453.09,,0.008013,11.36,,0.603018,
7-Apr-14,449.42,,0.008035,11.26,,0.6041,
6-Apr-14,460.5,,0.008247,11.64,,0.641513,
5-Apr-14,461.91,,0.008324,11.2,,0.700444,
4-Apr-14,447.53,,0.008094,11.02,,0.648937,
3-Apr-14,444.72,,0.007944,11.05,,0.638183,
2-Apr-14,437.14,,0.007922,11.29,,0.615044,
1-Apr-14,478.38,,0.008757,13.13,,0.724105,
31-Mar-14,457,,0.008785,12.75,,0.641774,
30-Mar-14,460.27,,0.009653,13.14,,0.662486,
29-Mar-14,491.17,,0.010338,13.45,,0.703475,
28-Mar-14,495.67,,0.010551,13.74,,0.697426,
27-Mar-14,471.24,,0.010226,12.48,,0.6835,
26-Mar-14,580.83,,0.012594,16.27,,0.858815,
25-Mar-14,583.92,,0.01283,16.3,,0.8201,
24-Mar-14,583.41,,0.012871,16.19,,0.866518,
23-Mar-14,561.27,,0.012651,15.36,,0.718257,
22-Mar-14,565.04,,0.012954,15.71,,0.71468,
21-Mar-14,571.49,,0.01325,15.7,,0.704648,
20-Mar-14,588.77,,0.013638,16.47,,0.725089,
19-Mar-14,609.89,,0.013963,17.24,,0.743559,
18-Mar-14,614.83,,0.01405,19.42,,0.75221,
17-Mar-14,622.37,,0.014112,17.31,,0.781925,
16-Mar-14,631.11,,0.014306,17.35,,0.775647,
15-Mar-14,636.12,,0.014345,16.9,,0.7912,
14-Mar-14,628.8,,0.014198,16.59,,0.811341,
13-Mar-14,638.14,,0.014333,17.02,,0.833336,
12-Mar-14,632.1,,0.014353,17.18,,0.865936,
11-Mar-14,634.11,,0.014279,16.14,,0.8913,
10-Mar-14,627.79,,0.014745,16.01,,0.810256,
9-Mar-14,636.96,,0.014745,16,,0.872964,
8-Mar-14,617.45,,0.014404,15.41,,0.914905,
7-Mar-14,629.15,,0.015009,15.85,,0.877912,
6-Mar-14,663.86,,0.015921,16.46,,1.05,
5-Mar-14,665.51,,0.016008,16.34,,1.03,
4-Mar-14,666.78,,0.016135,17.07,,0.987557,
3-Mar-14,667.76,,0.015596,14.27,,1.21,
2-Mar-14,559.79,,0.013543,12.74,,1.03,
1-Mar-14,565.61,,0.013799,13.65,,0.937342,
28-Feb-14,549.26,,0.013666,13.23,,0.550661,
27-Feb-14,578.77,,0.014153,14.29,,0.61939,
26-Feb-14,582.69,,0.014093,14.23,,0.619451,
25-Feb-14,538.71,,0.01299,13.82,,0.527474,
24-Feb-14,546.32,,0.01359,14.55,,0.841903,
23-Feb-14,605.82,,0.015412,15.49,,1.15,
22-Feb-14,605.42,,0.015682,14.94,,1.24,
21-Feb-14,574.16,,0.01507,13.89,,1.13,
20-Feb-14,556.14,,0.014251,13.98,,1.06,
19-Feb-14,623.03,,0.015237,15.73,,0.941647,
18-Feb-14,626.6,,0.015286,15.62,,1.04,
17-Feb-14,626.27,,0.015293,15.49,,1.45,
16-Feb-14,616.63,,0.015338,15.2,,0.406976,
15-Feb-14,650.92,,0.016083,16.17,,0.314865,
14-Feb-14,661.99,,0.016367,16.41,,0.374024,
13-Feb-14,605.24,,0.016079,15.29,,,
12-Feb-14,651.72,,0.017174,16.95,,,
11-Feb-14,672.17,,0.017681,17.46,,,
10-Feb-14,681.03,,0.016677,17.73,,,
9-Feb-14,682.9,,0.01739,18.22,,,
8-Feb-14,673.92,,0.017487,18.08,,,
7-Feb-14,712.4,,0.018377,18.54,,,
6-Feb-14,781.55,,0.019752,19.91,,,
5-Feb-14,811.91,,0.020357,20.78,,,
4-Feb-14,827.96,,0.020997,21.46,,,
3-Feb-14,823.83,,0.021402,21.91,,,
2-Feb-14,825.37,,0.02156,22.4,,,
1-Feb-14,832.58,,0.020698,22.47,,,
31-Jan-14,829.92,,0.020504,22.13,,,
30-Jan-14,819.03,,0.020337,21.69,,,
29-Jan-14,826,,0.020337,21.92,,,
28-Jan-14,812.51,,0.020605,21.55,,,
27-Jan-14,771.39,,0.018967,20.02,,,
26-Jan-14,885.28,,0.020129,24.12,,,
25-Jan-14,853.61,,0.019141,23.08,,,
24-Jan-14,797.07,,0.018126,20.72,,,
23-Jan-14,822.04,,0.018534,22.38,,,
22-Jan-14,845.59,,0.019389,23.65,,,
21-Jan-14,863.91,,0.019927,24.73,,,
20-Jan-14,870.2,,0.019856,25.2,,,
19-Jan-14,870.96,,0.020875,25.44,,,
18-Jan-14,840,,0.021278,24.55,,,
17-Jan-14,814.64,,0.02053,23.71,,,
16-Jan-14,835.63,,0.021024,24.46,,,
15-Jan-14,860.9,,0.022221,25.22,,,
14-Jan-14,833.27,,0.021186,24.1,,,
13-Jan-14,841.2,,0.021664,24.27,,,
12-Jan-14,863.22,,0.022044,25.09,,,
11-Jan-14,913.95,,0.024019,26.79,,,
10-Jan-14,868.48,,0.022837,24.93,,,
9-Jan-14,846.86,,0.022368,24.43,,,
8-Jan-14,842.72,,0.023227,24.39,,,
7-Jan-14,802,,0.022986,23.25,,,
6-Jan-14,953.29,,0.0257,29.22,,,
5-Jan-14,933.53,,0.025229,26.83,,,
4-Jan-14,859.51,,0.028129,25.11,,,
3-Jan-14,818.72,,0.027627,24.82,,,
2-Jan-14,802.39,,0.028726,25.76,,,
1-Jan-14,771.4,,0.026944,24.62,,,
31-Dec-13,754.01,,0.02733,24.35,,,
30-Dec-13,756.13,,0.02746,24.38,,,
29-Dec-13,745.05,,0.027218,24.07,,,
28-Dec-13,727.83,,0.027303,22.56,,,
27-Dec-13,735.07,,0.027076,23.27,,,
26-Dec-13,761.98,,0.024385,24.76,,,
25-Dec-13,682.21,,0.022042,21.15,,,
24-Dec-13,665.58,,0.022575,17.64,,,
23-Dec-13,673.41,,0.023702,17.89,,,
22-Dec-13,617.18,,0.021716,16.86,,,
21-Dec-13,605.66,,0.021684,16.73,,,
20-Dec-13,625.32,,0.020851,17.57,,,
19-Dec-13,691.96,,0.021073,19.91,,,
18-Dec-13,522.7,,0.015852,13.39,,,
17-Dec-13,682.12,,0.018313,21.97,,,
16-Dec-13,705.97,,0.021565,24.64,,,
15-Dec-13,876.12,,0.029137,31.28,,,
14-Dec-13,872.6,,0.03194,30.38,,,
13-Dec-13,892.58,,0.035145,31.2,,,
12-Dec-13,873.26,,0.03465,31.59,,,
11-Dec-13,878.48,,0.037937,30.98,,,
10-Dec-13,988.51,,0.043784,36.29,,,
9-Dec-13,893.19,,0.03893,31.57,,,
8-Dec-13,795.87,,0.036456,27.27,,,
7-Dec-13,698.23,,0.033066,23.29,,,
6-Dec-13,829.45,,0.042211,29.84,,,
5-Dec-13,1045.11,,0.055153,37.75,,,
4-Dec-13,1151.17,,0.058692,44.73,,,
3-Dec-13,1078.28,,0.048672,39.79,,,
2-Dec-13,1043.33,,0.055252,33.18,,,
1-Dec-13,955.85,,0.051497,34.74,,,
30-Nov-13,1129.43,,0.038386,40.47,,,
29-Nov-13,1131.97,,0.030986,37.74,,,
28-Nov-13,1031.95,,0.028981,43.39,,,
27-Nov-13,1001.96,,0.024096,39.04,,,
26-Nov-13,928.1,,0.029913,20.35,,,
25-Nov-13,799.11,,0.018208,12.27,,,
24-Nov-13,774.25,,0.011668,10.41,,,
23-Nov-13,797.82,,0.009798,10.61,,,
22-Nov-13,771.44,,0.009717,10.13,,,
21-Nov-13,722.43,,0.009935,9.35,,,
20-Nov-13,590.83,,0.007467,7.98,,,
19-Nov-13,584.61,,0.007225,8.03,,,
18-Nov-13,703.56,,0.010918,9.37,,,
17-Nov-13,492.11,,0.010209,4.09,,,
16-Nov-13,440.22,,0.01014,4.3,,,
15-Nov-13,417.95,,0.009685,4.21,,,
14-Nov-13,420.2,,0.009646,4.29,,,
13-Nov-13,407.37,,0.010846,4.11,,,
12-Nov-13,360.33,,0.009557,3.98,,,
11-Nov-13,342.44,,0.008681,4,,,
10-Nov-13,326.62,,0.008609,3.93,,,
9-Nov-13,339.11,,0.008653,4.22,,,
8-Nov-13,338.11,,0.010722,4.61,,,
7-Nov-13,296.41,,0.008939,4.39,,,
6-Nov-13,262.5,,0.007776,3.39,,,
5-Nov-13,245.24,,0.00715,3.04,,,
4-Nov-13,229.1,,0.007011,3.08,,,
3-Nov-13,215.05,,0.00716,2.88,,,
2-Nov-13,206.22,,0.006814,2.7,,,
1-Nov-13,206.18,,0.006353,2.45,,,
31-Oct-13,204,,0.006073,2.36,,,
30-Oct-13,199.97,,0.005854,2.29,,,
29-Oct-13,204.39,,0.005998,2.13,,,
28-Oct-13,198.55,,0.005942,2.18,,,
27-Oct-13,196.44,,0.006842,2.13,,,
26-Oct-13,177.32,,0.006064,2.21,,,
25-Oct-13,186.69,,0.00686,2.18,,,
24-Oct-13,198.23,,0.008596,2.27,,,
23-Oct-13,213.62,,0.007873,2.05,,,
22-Oct-13,193.76,,0.006845,1.7,,,
21-Oct-13,182.21,,0.006634,1.82,,,
20-Oct-13,174.61,,0.0067,1.93,,,
19-Oct-13,172.42,,0.007252,1.88,,,
18-Oct-13,155.96,,0.007942,1.9,,,
17-Oct-13,146.25,,0.008343,1.91,,,
16-Oct-13,142.55,,0.007305,1.92,,,
15-Oct-13,145.24,,0.008051,1.96,,,
14-Oct-13,140.52,,0.008489,2.05,,,
13-Oct-13,138.13,,0.008412,2.13,,,
12-Oct-13,135.19,,0.009382,2.12,,,
11-Oct-13,130.9,,0.00897,2.07,,,
10-Oct-13,130.59,,0.009861,2.03,,,
9-Oct-13,130.69,,0.009663,1.92,,,
8-Oct-13,126,,0.009451,1.98,,,
7-Oct-13,126.94,,0.00924,2.1,,,
6-Oct-13,129,,0.009819,2.17,,,
5-Oct-13,128.55,,0.009488,2.15,,,
4-Oct-13,129.01,,0.009873,2.2,,,
3-Oct-13,123.63,,0.009112,2.17,,,
2-Oct-13,114.13,,0.007862,1.97,,,
1-Oct-13,132.18,,0.010529,2.42,,,
30-Sep-13,133,,0.010932,2.35,,,
29-Sep-13,137.34,,0.012868,2.3,,,
28-Sep-13,134.78,,0.013835,2.25,,,
27-Sep-13,133.78,,0.014566,2.4,,,
26-Sep-13,128.38,,0.011713,2.39,,,
25-Sep-13,128.22,,0.010433,2.37,,,
24-Sep-13,127.25,,0.010448,2.47,,,
23-Sep-13,125.95,,0.010008,2.47,,,
22-Sep-13,129.12,,0.010406,2.53,,,
21-Sep-13,127.43,,0.0097,2.51,,,
20-Sep-13,127.04,,0.010113,2.48,,,
19-Sep-13,129.65,,0.010958,2.62,,,
18-Sep-13,131.47,,0.010782,2.56,,,
17-Sep-13,131.66,,0.009613,2.6,,,
16-Sep-13,131.72,,0.007056,2.63,,,
15-Sep-13,130.37,,0.006472,2.64,,,
14-Sep-13,129.22,,0.00634,2.54,,,
13-Sep-13,134.98,,0.006513,2.67,,,
12-Sep-13,133.13,,0.006349,2.7,,,
11-Sep-13,135.25,,0.006273,2.72,,,
10-Sep-13,125.91,,0.005808,2.64,,,
9-Sep-13,127.11,,0.00627,2.73,,,
8-Sep-13,121.66,,0.006183,2.73,,,
7-Sep-13,124.15,,0.006173,2.71,,,
6-Sep-13,119.15,,0.005866,2.69,,,
5-Sep-13,126.43,,0.005715,2.75,,,
4-Sep-13,126.74,,0.005695,2.81,,,
3-Sep-13,136.77,,0.00567,2.6,,,
2-Sep-13,135.85,,0.005528,2.56,,,
1-Sep-13,138.34,,0.005787,2.58,,,
31-Aug-13,135.35,,0.005632,2.58,,,
30-Aug-13,133.49,,0.00593,2.66,,,
29-Aug-13,122.39,,0.005763,2.55,,,
28-Aug-13,122.62,,0.006246,2.52,,,
27-Aug-13,126.5,,0.006452,2.57,,,
26-Aug-13,120.06,,0.006417,2.57,,,
25-Aug-13,122.11,,0.006104,2.59,,,
24-Aug-13,120.05,,0.005546,2.69,,,
23-Aug-13,118.5,,0.005139,2.72,,,
22-Aug-13,121.15,,0.005143,2.75,,,
21-Aug-13,123.3,,0.006131,2.7,,,
20-Aug-13,121.2,,0.006098,2.78,,,
19-Aug-13,119,,0.00526,2.82,,,
18-Aug-13,113.5,,0.005617,2.8,,,
17-Aug-13,113.5,,0.005671,2.82,,,
16-Aug-13,108.99,,0.003134,2.72,,,
15-Aug-13,109.99,,0.003092,2.76,,,
14-Aug-13,112.56,,0.003788,2.73,,,
13-Aug-13,109,,0.004245,2.74,,,
12-Aug-13,106.64,,0.004449,2.65,,,
11-Aug-13,105,,0.004415,2.69,,,
10-Aug-13,103,,0.004314,2.56,,,
9-Aug-13,102.8,,0.004291,2.68,,,
8-Aug-13,103,,0.004254,2.7,,,
7-Aug-13,106.75,,0.004417,2.76,,,
6-Aug-13,106.75,,0.00468,2.82,,,
5-Aug-13,106.22,,0.005613,2.83,,,
4-Aug-13,105.14,,0.005882,3.01,,,
3-Aug-13,104,,,2.96,,,
2-Aug-13,104.5,,,2.84,,,
1-Aug-13,104,,,2.91,,,
31-Jul-13,106.09,,,2.87,,,
30-Jul-13,107.99,,,2.99,,,
29-Jul-13,101.2,,,2.96,,,
28-Jul-13,99.76,,,2.98,,,
27-Jul-13,94.12,,,2.88,,,
26-Jul-13,96.02,,,2.9,,,
25-Jul-13,96.9,,,2.97,,,
24-Jul-13,94.51,,,2.94,,,
23-Jul-13,95.56,,,2.99,,,
22-Jul-13,91.61,,,2.89,,,
21-Jul-13,90.76,,,2.92,,,
20-Jul-13,89.39,,,2.86,,,
19-Jul-13,92.17,,,2.96,,,
18-Jul-13,90.58,,,2.89,,,
17-Jul-13,98.5,,,3.15,,,
16-Jul-13,97.45,,,3.1,,,
15-Jul-13,98.4,,,2.98,,,
14-Jul-13,94.69,,,2.91,,,
13-Jul-13,98.13,,,2.9,,,
12-Jul-13,93.59,,,2.79,,,
11-Jul-13,88.98,,,2.73,,,
10-Jul-13,86.76,,,2.81,,,
9-Jul-13,76.69,,,2.61,,,
8-Jul-13,76.52,,,2.61,,,
7-Jul-13,74.56,,,2.66,,,
6-Jul-13,70.28,,,2.52,,,
5-Jul-13,68.43,,,2.43,,,
4-Jul-13,80.53,,,2.73,,,
3-Jul-13,77.53,,,2.62,,,
2-Jul-13,90.13,,,2.83,,,
1-Jul-13,88.05,,,2.95,,,
30-Jun-13,96.61,,,2.98,,,
29-Jun-13,94.99,,,2.79,,,
28-Jun-13,94.65,,,2.75,,,
27-Jun-13,101.44,,,3.02,,,
26-Jun-13,104,,,2.86,,,
25-Jun-13,103.95,,,2.82,,,
24-Jun-13,102.74,,,2.87,,,
23-Jun-13,107.6,,,3.12,,,
22-Jun-13,108.3,,,2.92,,,
21-Jun-13,109.5,,,2.87,,,
20-Jun-13,110.15,,,2.29,,,
19-Jun-13,108.25,,,2.3,,,
18-Jun-13,107.4,,,2.31,,,
17-Jun-13,101.7,,,2.28,,,
16-Jun-13,99.51,,,2.13,,,
15-Jun-13,99.99,,,2.11,,,
14-Jun-13,99.98,,,2.13,,,
13-Jun-13,104,,,2.27,,,
12-Jun-13,108.15,,,2.38,,,
11-Jun-13,108.9,,,2.4,,,
10-Jun-13,106.35,,,2.49,,,
9-Jun-13,100,,,2.38,,,
8-Jun-13,108.3,,,2.56,,,
7-Jun-13,111.5,,,2.6,,,
6-Jun-13,118,,,2.75,,,
5-Jun-13,121.65,,,2.86,,,
4-Jun-13,121.42,,,2.87,,,
3-Jun-13,122.22,,,2.73,,,
2-Jun-13,122.29,,,2.73,,,
1-Jun-13,129.3,,,2.83,,,
31-May-13,129,,,2.96,,,
30-May-13,128.8,,,2.97,,,
29-May-13,132.3,,,3.1,,,
28-May-13,129,,,3.09,,,
27-May-13,129.75,,,3.1,,,
26-May-13,133.48,,,3.25,,,
25-May-13,131.98,,,3.12,,,
24-May-13,133.2,,,3.18,,,
23-May-13,126.7,,,3.18,,,
22-May-13,123.89,,,3.12,,,
21-May-13,122.88,,,3.09,,,
20-May-13,122,,,3.18,,,
19-May-13,121.99,,,3.3,,,
18-May-13,123.5,,,3.29,,,
17-May-13,123.02,,,3.19,,,
16-May-13,118.76,,,2.92,,,
15-May-13,114.22,,,2.94,,,
14-May-13,111.5,,,2.82,,,
13-May-13,117.98,,,3.28,,,
12-May-13,115,,,3.27,,,
11-May-13,115.24,,,3.35,,,
10-May-13,117.2,,,3.44,,,
9-May-13,112.67,,,3.42,,,
8-May-13,113.57,,,3.41,,,
7-May-13,111.5,,,3.33,,,
6-May-13,112.3,,,3.37,,,
5-May-13,115.91,,,3.59,,,
4-May-13,112.5,,,3.48,,,
3-May-13,97.75,,,3.04,,,
2-May-13,105.21,,,3.37,,,
1-May-13,116.99,,,3.8,,,
30-Apr-13,139,,,4.3,,,
29-Apr-13,144.54,,,4.38,,,
28-Apr-13,134.21,,,4.35,,,
