CAX_ID,Y,flag,Factor1,Factor2,Factor3,Factor4,Factor5,Factor6,Factor7,Factor8,Factor9,Factor10,Factor11,Factor12,Factor13,Factor14,Factor15,Factor16
Company263,1,TRAIN,0.401059877,3.059530635,-2.763950955,-0.856323929,0.005158361,0.806739674,1.471211849,-0.745387688,0.057205745,1.637542049,0.168048247,-0.658714598,-1.015075624,-0.133656398,-0.549756332,-1.082667769
Company136,0,TRAIN,-0.043821139,0.660691736,1.136143491,0.738691754,-1.308858689,-1.655092019,-0.472958381,-0.565978211,0.409305018,1.136831916,0.458855363,-0.058140174,-1.496110492,1.456505211,2.619501743,-0.750438771
Company126,1,TRAIN,-0.36107266,-1.326137151,-0.508326069,0.382305132,-0.8865197,-0.544709993,0.617399023,0.29246756,0.798707234,1.410469796,-1.65086364,-0.903248472,-0.509642019,-0.069865998,2.837986144,0.014890303
Company27,0,TRAIN,-0.577917321,0.094337939,0.36651486,-0.04544112,-1.196054262,-3.490231507,-1.033648071,0.125786078,0.628090961,0.938863213,0.290404592,-1.705469354,1.177098745,-0.872617287,-0.407225518,0.636982238
Company228,0,TRAIN,-1.087588783,-1.352196784,-0.664994214,-0.374333526,0.927250672,0.595825017,-0.159245676,0.315061973,0.155568748,-0.241172635,-0.112216514,-0.091582518,0.089549211,0.71789063,-0.158367599,0.052864431
Company190,0,TRAIN,-0.730359697,-1.644138664,-1.393419612,-1.057412278,-0.846061939,-0.801109151,-0.356349917,0.904355541,0.973752827,1.859072519,-0.826952889,-0.07278638,1.06069123,0.376880369,-1.327250102,0.79878094
Company232,,TEST,-1.237545533,-0.036916937,0.302056237,-0.27467923,-0.187700982,0.298381267,0.452194221,0.486119276,0.137541764,-0.990323201,0.541858355,0.746973679,-0.175692234,-0.178801137,0.326272472,0.141757615
Company52,0,TRAIN,0.226803569,0.858382813,1.010218269,-0.252666041,-1.378592222,-1.194205838,-0.229310102,-1.095078779,-0.668044591,-0.056879767,0.675555503,0.104110831,0.059681314,0.839850509,-0.387020087,-1.218819747
Company68,1,TRAIN,-0.440773256,-0.712118886,-0.762351186,-0.59184084,0.268741717,0.916384146,-0.994757357,-0.102235222,-0.268506565,-0.131040006,-0.240403368,-0.058765519,0.172017416,-0.692504221,-0.333064396,0.057894498
Company133,,TEST,1.455423843,0.205825789,-0.599463394,0.692484395,0.264737852,-0.625195953,0.847964176,2.487256802,-0.62596446,-1.281462534,-1.952036522,1.831969635,-0.07373941,1.304836275,2.186470834,0.497626902
Company208,1,TRAIN,-1.001047054,-0.457144255,0.82220668,-0.320962664,-1.958912686,-0.202794243,1.242357675,-0.763229982,1.946921145,0.247225009,1.183287094,-1.636767494,2.357004905,-1.672030883,-0.645326537,0.060483281
Company217,,TEST,0.381353863,-0.890682592,-1.127073526,-0.044882535,-0.224877027,0.05263767,-0.459459449,0.958130496,-1.093924791,-0.442522659,0.453351815,-1.312042155,0.307490343,-0.35479925,1.183737357,0.662035367
Company46,1,TRAIN,-0.740121632,0.215739591,-0.269868531,0.575611747,-1.094400362,0.626819834,1.619159362,-0.074863024,-0.983458216,-0.154255802,-0.602395471,0.877745777,-0.363694475,-0.331234524,-0.233820793,0.835213734
Company164,0,TRAIN,0.524008394,0.218162254,-1.288054623,0.990075825,-0.470057618,0.738752646,0.444379277,0.25731467,-1.790939885,0.155199219,-0.078134573,1.324405236,-0.692885817,0.479413374,0.109270389,0.157363207
Company42,1,TRAIN,-0.020048855,-0.479235824,-0.496374582,-0.221669005,-0.515707662,0.673728107,0.975677388,0.148080287,-2.104728877,-1.39315785,-1.620970745,-1.643231633,0.239902716,0.682161057,1.115128217,0.692037777
Company222,1,TRAIN,-1.367559831,0.030385933,0.919093094,-0.131707237,0.204606906,-0.20199997,0.804628953,0.084929936,-0.220032503,-1.049226415,0.348875216,0.201052307,-0.819259024,0.654260428,-0.189289838,0.642709039
Company36,,TEST,-0.24075599,0.574155407,0.238345877,1.045818894,0.170940013,-0.149008806,-0.008660145,1.587046998,-1.977088869,0.192197945,-0.408275441,-1.427385722,-0.49327452,0.893511857,0.14498646,-0.995252102
Company247,0,TRAIN,-0.79348445,-1.371704752,-0.734936841,-0.33138563,0.74715735,0.696742703,-0.202891533,-0.095395814,-0.649665111,0.887893033,-0.877835722,0.088094284,-0.831211398,0.35696611,0.21764312,-0.460604744
Company176,1,TRAIN,0.993916406,0.085748872,-0.411765848,-1.568179929,-1.80864631,0.818796629,0.411579018,-0.952346163,-0.455119356,0.296453784,0.908778357,1.232064285,0.31658142,1.04122389,0.009969398,-0.925296076
Company283,0,TRAIN,0.281122419,0.810225265,-0.295912622,0.806751371,0.463103691,1.298897539,-0.351000161,-0.161855554,-1.023869455,0.226115165,0.633982073,1.021912752,-0.418114124,-0.234994449,0.630944504,-0.701173514
Company40,1,TRAIN,-0.104176052,0.043826591,0.342345518,-0.66179379,0.460185308,0.429287407,-0.005111393,0.410402819,-0.217697769,0.59272044,0.419298449,-0.182975408,-1.896200692,-1.220165787,0.606887308,0.125368236
Company115,0,TRAIN,-0.936598678,0.574257037,1.127022587,0.729434883,-3.172063473,1.787027454,0.881559974,2.852718766,2.813746704,2.768062592,0.170333757,0.154677261,1.587982664,1.56052051,1.925674316,2.09218672
Company88,0,TRAIN,-0.646405074,0.332199821,0.820322882,-1.476855335,-0.814929051,-0.591864929,1.187909666,1.049936674,-0.76713794,-1.324143973,1.141021772,-0.117948526,1.995941744,0.107270829,0.791447023,-1.031869176
Company98,,TEST,-1.003517729,-0.442894446,0.423375851,-0.382656632,-0.888927099,1.363050567,1.774829949,1.109757016,1.155133128,0.337595514,0.287813799,-0.525969878,1.743437201,-0.308983389,0.290979119,0.433568053
Company114,0,TRAIN,0.039971401,-0.107765287,0.630715799,-1.143397067,-1.059711133,1.591251783,1.930143712,0.946153074,-0.212889321,-0.392158137,0.241142422,-0.900473637,0.83491768,0.036077951,-0.07026473,-1.60898099
Company259,1,TRAIN,-0.533071162,3.114788358,-1.360899061,-1.153514762,0.932129703,-1.142835758,1.091240342,-0.424176188,1.858208923,1.047134237,0.239718894,-1.597594151,-6.03252E-06,0.106280078,-0.612146424,-2.402842035
Company304,,TEST,-0.820482073,1.432616786,-0.176074796,0.432381349,-0.772624112,0.765709979,-1.52990005,0.451862329,-0.088786652,0.252690907,-0.10080399,1.648085303,-1.417941569,-1.204663639,-0.189855214,0.786637079
Company245,0,TRAIN,-1.104834659,-1.493953841,-0.233576501,-0.219030009,0.522086662,-0.249490807,0.155764797,-0.299565322,0.611398435,0.042497293,-0.33175404,-0.061045637,-0.889721601,-0.3286331,0.354099553,-1.16657341
Company237,0,TRAIN,-1.611011312,-0.462507941,0.022167038,0.522547618,0.177623341,-0.661385965,0.288899245,0.613889921,0.079998699,-0.810508318,0.824333939,-0.176529948,-0.198465889,0.536288372,0.118427798,-0.168788979
Company171,0,TRAIN,-0.898953467,0.639350771,0.356238565,-0.441218913,-0.625559528,0.40641967,-0.177737031,-0.591047997,-0.271549418,-0.287147155,-1.012812983,0.058945262,-1.116750205,-0.430156633,-0.881951888,1.029829267
Company87,,TEST,-1.271566673,0.133534199,0.986521039,-0.052704828,-0.010873642,-0.285402055,0.550082981,-0.722055141,-1.430058836,0.506684396,-0.355296254,0.682889312,3.334989334,0.177945023,-0.858412967,-0.349960927
Company264,1,TRAIN,0.416866612,2.546945949,-3.252531622,-0.576256105,-0.64910733,-0.356507741,2.04011969,-2.223693348,0.662894908,-0.591491601,-0.834982719,-0.911719323,-0.007015673,-0.72376044,-0.655830274,1.258884536
Company162,0,TRAIN,0.692643483,0.457073867,-0.002569013,0.470644207,-0.256355496,-0.315338336,-0.05203703,-0.375206608,-1.060876944,-0.828383616,-1.200261766,-0.55790831,0.801554929,0.476940048,-0.395462271,-0.573949017
Company238,,TEST,-0.724123131,-1.300846241,-0.807745996,-0.633997969,-0.782376369,1.087920567,-0.642800412,-0.670439135,1.377189497,-0.160949709,1.321636358,0.179924325,0.914676981,2.06009858,-0.914234458,-0.290067209
Company175,0,TRAIN,0.79587712,1.631990709,-0.139857974,1.656742104,-1.899721044,0.138805003,0.107826992,0.555396771,-0.866317956,0.131737354,0.542326513,1.108848243,0.242815772,-0.606152465,-1.495324469,-1.828565912
Company10,,TEST,0.803587066,0.050101971,-0.137726211,-0.511826829,-0.401910589,1.474156379,0.463122183,-2.270929068,-1.058272967,-0.433266981,0.124142147,-1.892464428,0.352059398,1.245701793,0.778034985,1.477207424
Company288,,TEST,-0.007109588,-0.503327139,-0.853736971,-0.493013053,-0.494529034,-0.050997892,-1.089081893,-0.430063176,0.661013632,-1.064645904,-0.022040586,0.813997853,-0.757953869,-0.751002858,-0.114702019,-1.118420074
Company67,0,TRAIN,-1.507089573,-0.483517933,-0.366266886,0.11818069,0.377846577,-0.322576189,0.467693963,-0.076049092,-0.623567068,-0.94200819,-0.410052786,0.414538427,0.275881433,-0.874122819,0.397641158,0.239454816
Company212,1,TRAIN,-0.406449093,1.38688157,0.884631689,-0.198849097,0.081283429,0.168891331,0.030597709,0.554226185,-1.410616993,-0.896663391,1.025447158,-0.062976079,0.144575068,0.49993452,0.538547829,0.452542254
Company273,1,TRAIN,0.660298444,-0.188113751,-0.653521148,-0.656388811,-2.010057447,0.286107714,-0.130456534,0.297407121,0.03307055,0.312594526,-1.298893343,-2.351768926,-0.750141515,-0.660159979,2.50632338,1.616437908
Company248,,TEST,-1.270165425,0.318332067,1.32573413,0.326440906,0.667882413,-1.090317981,0.066111079,1.053138783,-0.930001568,0.991211034,-0.580008542,-0.900796459,-1.043462992,0.754256106,-0.158192527,-0.537133685
Company166,0,TRAIN,0.832712753,-0.099896751,-1.080770678,1.065565139,-1.066135147,0.53558814,-1.526810284,-0.478016911,-0.468981789,0.251914992,1.743704185,0.717079356,1.108172327,1.030338996,1.449190068,-2.240931916
Company278,1,TRAIN,0.558936875,-1.157967486,-0.927920381,-0.694126056,0.192752299,0.673606058,0.226754959,0.630856571,-0.861009182,-0.770390274,3.120773449,0.328443411,0.58680544,0.266167007,0.928820954,-1.178139074
Company139,1,TRAIN,1.195839204,-0.886650044,-0.908696881,1.76523287,-0.102447908,-2.442960729,1.23097263,0.813214642,-1.559382212,0.474660833,1.703085147,0.678011395,-1.697328237,-0.472617362,-1.579194346,0.909679605
Company243,,TEST,-0.763847259,-1.786177032,-1.219952002,-0.574103851,0.387807135,-0.399571283,-0.434226605,-0.177755246,0.190818246,-0.783765839,0.573635962,0.045347338,-0.309519085,-0.357232609,0.06779557,-0.11912978
Company254,0,TRAIN,-0.648334287,-0.661525368,-0.135471533,-0.838813937,0.498714018,-0.25166256,1.308653529,-1.729660321,-0.438434332,-0.906247346,1.018517537,0.914272505,-0.152357592,1.358836449,-0.253362459,1.913048222
Company229,0,TRAIN,-2.124911827,0.159177466,0.485279447,-0.199865986,0.232589552,0.293003035,-0.667428478,0.329361718,-1.265266281,-0.662925651,-0.042875269,-0.97671686,1.777607116,-0.701817986,-0.480305674,-0.110268864
Company22,1,TRAIN,2.107650936,1.550490824,1.562005106,-3.923850926,-0.158979973,-0.849929756,-0.143369298,0.577317806,0.125981612,0.559975176,2.068197446,2.681237843,-0.773259146,-1.03304892,2.291219194,-1.242300666
Company211,,TEST,-0.189493135,0.256717617,-0.48874761,-0.06621862,-0.453824151,-0.374249733,-0.727743004,-0.206254988,-0.484587322,-0.741811455,1.203006053,-0.318336017,-0.166626903,-0.519969545,-0.202275278,-0.125361854
Company122,0,TRAIN,-0.803924645,-0.847818316,0.182998818,0.963639568,-0.382978761,0.075249877,0.473871744,-0.126468668,-0.317559092,2.828340793,-0.531479694,-1.119581026,0.165900743,-0.911504464,2.880275948,-0.384226678
Company250,0,TRAIN,-1.520560056,-0.451526935,0.563102862,0.178043492,0.363224298,0.091353886,0.437641035,-1.176991558,-0.323559219,-1.055951294,-0.379233607,0.913161536,-0.662326914,-0.364350765,-0.748588621,0.999202644
Company57,0,TRAIN,-1.856944171,0.228424952,0.400202727,-0.37728513,-0.316218771,-0.105297632,-0.488885336,-0.168019181,-1.491253967,0.729529034,-0.196263642,-0.041212146,0.124346848,0.753323033,-0.212309065,1.242043056
Company180,1,TRAIN,1.220691814,0.712713726,-0.655913998,0.604073524,-1.196222743,0.423038291,0.25455135,0.661246597,-1.374607572,0.468230509,-0.11622917,-0.005479628,-0.900623712,0.264746534,0.338649233,-0.341100858
Company225,1,TRAIN,-0.200514026,-0.082607041,-0.067036948,0.627773409,-0.802785694,-0.349403396,1.542012956,0.358613687,-0.590944785,1.109237112,0.821980512,0.155929994,0.205575573,1.564280856,1.627797924,-0.750926288
Company230,0,TRAIN,-1.113721529,-0.51954198,-0.369554072,-0.252356007,0.805415661,0.702842935,-0.493072119,0.857535702,-0.303127082,-0.027331924,0.036504106,-0.225499558,-0.140463839,-0.304941792,0.471337695,0.053460651
Company301,1,TRAIN,-0.909387616,1.126004141,1.399363307,1.272385919,0.36383515,-0.952458671,-1.68830546,-0.294443373,-0.231498617,2.681194195,-0.504429774,-0.924434331,1.02252827,-1.064564611,2.017427657,0.979418991
Company240,0,TRAIN,-1.043642718,0.046021575,0.4403721,-0.540989669,0.221630261,0.232248142,0.167390464,0.400035635,-0.220398032,-1.330838171,0.195132937,0.598255252,-0.121037997,-0.231175456,0.136061257,0.065559353
Company188,1,TRAIN,0.877735192,0.364735718,-0.328801866,0.423020822,-1.676474355,-0.40804718,-0.200068749,-0.192784464,0.084214109,-0.200114833,-0.368550843,-0.486677048,-1.324480449,0.224203721,0.613669216,-1.140364536
Company241,0,TRAIN,-0.921434573,-1.496542897,-0.528935177,-0.353877947,0.464679281,0.479604101,0.300694852,-0.314048685,-0.534249811,0.466404868,-0.235284109,0.338395322,0.670404003,-0.523308531,-0.626495691,-0.483512916
Company129,1,TRAIN,0.459557027,-1.229294248,-1.258830321,-0.112789149,0.782813128,0.219233996,0.311159869,0.994400941,-0.620041063,-0.521760183,-0.458230799,-0.011615129,-0.289890461,0.851400671,1.099739592,-0.243857748
Company185,,TEST,0.272150452,-0.467361657,-0.328573139,-0.406509793,-1.61053617,-0.078434774,-0.879272423,-0.831816552,0.981974502,-0.531202657,0.514431125,0.167651352,-0.410789279,-0.333561809,-0.311452264,-0.971002761
Company124,,TEST,-1.105671873,-0.82718988,0.147638684,-0.23439851,-0.753321988,0.422873247,0.124294571,0.302613326,-0.292429426,-0.317708531,0.32026381,-0.702582777,1.143959003,0.450061892,0.121526751,-1.244620787
Company279,0,TRAIN,-0.891727115,0.965152276,0.658719033,-0.101692834,0.368470067,-0.028191793,-0.135942092,1.095265492,-1.607183919,1.208595014,-0.227375508,-0.029202641,-0.54425587,0.558190678,-0.028886594,-0.360629267
Company236,,TEST,-1.018083555,-1.94319857,-1.023827095,-0.290340072,0.64934089,-0.194748277,-0.362702514,-0.238888593,0.113472334,-0.905882066,0.678897183,-0.499928795,-0.350964565,0.115402059,-0.252173448,-0.170940494
Company107,1,TRAIN,-0.623670723,-1.411891168,-0.834576522,-0.558116805,-0.417138884,0.424923935,-0.756328521,0.106069355,0.315926138,-0.555851408,-0.710403917,-0.35565386,-0.554230023,-0.123235805,-0.407520434,-0.877233571
Company302,0,TRAIN,-0.584387585,-0.374713222,-0.500566875,-0.041918216,-0.286276376,-0.13025822,-1.010593612,0.131456132,-0.185825468,-0.601434155,-0.877141919,0.018687749,-0.055747367,-0.613072671,0.323569875,-0.144088968
Company261,,TEST,0.223155571,2.042520709,-3.062371373,-0.500119252,0.201601397,-0.301864155,1.425541944,-1.092925877,1.129582487,0.371780722,-0.626812432,-0.472412938,-0.461772946,0.038998818,-0.532286418,-0.681385104
Company59,1,TRAIN,-0.803627766,0.763674349,0.138377203,-0.670941034,0.687989277,0.110499435,-0.159833397,-0.160568318,-2.195656779,-0.247766831,-0.389909941,0.830427449,0.753739201,0.439186047,0.414506766,0.069509374
Company169,0,TRAIN,0.370247194,-0.129796421,-1.039799395,0.338447741,-1.389885744,-0.764920972,-1.376518922,0.948516387,0.366002419,-0.553004931,1.748078229,-0.693100551,-0.508827152,0.475400583,0.201782959,-0.389886805
Company220,0,TRAIN,-1.266444742,0.032808935,0.501085117,-0.189749474,0.304686406,-0.547993522,0.257640583,-0.016327147,-2.088661938,0.038068779,-0.370052235,-0.726574724,1.623652442,1.268243364,0.248461807,0.438618771
Company218,1,TRAIN,-0.379210227,-0.177067673,-0.317280566,0.190531024,-0.47491478,0.928058233,0.68983449,0.707237707,-0.794077692,-1.428619186,-0.762844709,0.01772826,-0.459157203,-0.104117846,-0.264199577,0.792954568
Company300,,TEST,-1.274364826,-0.074600349,0.059735384,-0.563011089,0.271577658,0.581512304,-0.891803697,-0.698059838,-1.869374475,1.389553251,-0.811791902,-0.231157211,-0.199608383,1.212906725,-0.720278895,0.806877266
Company299,0,TRAIN,-1.829311787,0.44118315,1.252024322,0.29850391,0.155186817,-1.092692944,0.119910736,0.171579705,0.098236693,-0.835990464,0.699236435,-1.039542365,-0.467511664,0.474812616,0.130913745,-1.687798315
Company25,0,TRAIN,-0.928707626,0.145065173,0.253744406,0.160728004,-0.267623818,-0.031654574,-0.15938535,-0.637599817,0.131776287,-1.537505119,-1.109347543,0.477975835,0.087568391,-0.577675434,0.136460581,-0.11222248
Company233,0,TRAIN,-1.132400383,-1.025112564,-0.462620171,0.283213555,0.498258034,1.010797914,-0.368632129,0.930352176,0.170654061,-0.994722977,1.192200286,-0.872093692,-0.226064032,-0.234264666,0.432904251,-0.952737906
Company135,,TEST,0.794666562,-0.273871398,-1.106865505,-0.221916539,-1.752784465,-1.439900548,-0.651564242,0.017281029,-0.60634712,-0.374357791,0.515555356,-1.270627021,-1.31166745,-0.341438883,1.204671131,-0.44667044
Company268,1,TRAIN,-0.777751962,3.374786727,-2.469886834,1.246437793,0.918803365,1.170743909,0.162896346,-2.402396506,0.69001877,1.494491272,1.807192415,1.221320601,0.916131489,0.65899919,0.253825187,-1.240544442
Company226,0,TRAIN,-1.070196734,-1.191071271,-1.041003434,-0.350318585,0.320153928,0.360795583,-0.577621233,0.072044961,-0.034433241,0.195550445,-0.769602324,0.699569203,-1.289943406,-0.076731048,0.384914417,-0.328045063
Company174,1,TRAIN,0.419318914,-0.372817364,-0.847267224,-0.813798903,-2.182384587,0.634888772,-0.012688224,-1.06727458,0.779716632,-0.256235221,-0.22117169,-0.089769178,0.274448599,0.682796675,0.233705937,-0.531434
Company271,1,TRAIN,-0.760564101,2.181422028,-2.139629875,-0.56152389,1.54343127,0.258828842,1.300675655,0.772407891,1.642331229,-0.796945367,0.558847774,-0.479421592,-0.467690104,-0.29020608,0.08835529,-0.354307339
Company244,,TEST,-0.508880225,-1.125135692,-0.708680107,0.301700615,1.251152152,-1.432108129,-0.099735353,0.118380991,-0.48868132,-1.075298167,0.780029531,-0.754584871,-1.010081532,0.434587889,0.692489213,-0.219725553
Company242,,TEST,-1.450447929,-0.563407135,-0.083460975,0.006606995,0.511211804,0.043598494,0.242968334,-1.187909472,-0.230895889,-1.903864873,-0.126561468,0.365555563,0.051653706,-0.95666794,0.274761846,0.294792693
Company262,1,TRAIN,0.033966907,2.626751926,-2.945690546,1.094620819,2.181593723,0.191692832,1.459276158,0.624317437,-0.097272126,-0.092589456,0.128447634,-1.096454975,1.312077252,-0.644030935,1.327194319,-0.529239634
Company74,1,TRAIN,-0.033233644,0.910114774,-0.180164614,-1.621941342,-0.57471075,-0.828718842,-1.05038322,-0.171305292,0.20261265,-1.37920813,0.3522024,2.67418432,0.730708835,-1.210043893,1.267261977,0.157749409
Company120,0,TRAIN,-1.829311787,0.44118315,1.252024322,0.29850391,0.155186817,-1.092692944,0.119910736,0.171579705,0.098236693,-0.835990464,0.699236435,-1.039542365,-0.467511664,0.474812616,0.130913745,-1.687798315
Company267,1,TRAIN,-0.183671664,2.286416626,-2.909965189,0.081025238,1.037611301,0.083854439,1.129648307,1.466615693,0.400370339,0.822341036,-0.504235548,-1.289787782,-1.170087619,0.071250468,-0.473813373,0.238572086
Company281,1,TRAIN,-0.133559051,2.356961993,-1.719016348,-0.664034573,1.010391295,0.615317327,2.968247509,-0.517620401,0.79221649,-0.236321967,-0.499467791,-1.021034586,-0.370243729,-0.639172516,-0.301921851,0.328274383
Company265,1,TRAIN,-0.28892887,0.375030094,0.087221623,0.680809822,0.554898625,-0.385898647,1.104062283,-0.195211156,-1.416309173,0.98563899,0.716637804,2.19900309,-1.142761873,-0.938419089,-0.538641151,2.387895136
Company308,0,TRAIN,-1.482809776,-0.306153978,-0.405909669,0.959377676,0.46440422,0.024617779,-0.328550079,0.16766434,-0.87771559,-1.098184365,0.708448636,1.352387923,-0.099688523,0.521318367,0.945622875,-0.056204578
Company1,,TEST,-0.278182749,-1.326933133,-0.820832975,0.308904495,-0.818201067,0.829138051,0.041489891,1.207049226,0.036858436,0.794800097,-0.850390223,-0.247401545,-0.795762531,-1.283127542,-0.084572752,-1.311062355
Company297,1,TRAIN,-0.821892017,0.51495024,0.403366023,-0.101952771,-1.748624361,-0.582531403,-0.329251893,-2.118723464,0.942411236,-0.462950297,-0.03405973,-0.184557299,-0.219340086,-0.209632897,-0.237842411,-1.18912362
Company282,1,TRAIN,-0.22495162,0.565803397,-0.020199145,0.748324219,-0.368122525,-0.166425593,-0.061140199,0.926649838,-0.448324132,-0.224105272,1.013105351,-0.027514276,-1.545106421,0.126542626,0.295860074,-1.429781234
Company64,,TEST,0.135507377,-0.079963689,-0.498157639,-0.402008477,-0.361902033,-0.420047265,-1.154890243,0.126057853,-1.182492018,0.354142388,0.765812825,-0.817473126,-0.052505983,0.417994948,-0.054859495,-0.912170175
Company239,0,TRAIN,-1.090799467,-1.204631486,0.059763149,-0.249978629,-0.303766519,-1.009752083,0.954796286,0.76199509,-1.870782324,2.21313775,0.15898855,0.031658265,-0.820747121,-0.077469296,-1.295376438,1.082608166
Company207,1,TRAIN,-0.389313357,0.025323536,-0.113998846,-0.569570477,-0.495927762,-0.201047213,0.17440252,-1.290409431,-0.052078034,-1.348673755,0.812685935,-0.021918458,0.401171063,-0.54395073,-0.474170089,0.959768149
Company246,0,TRAIN,-1.04750082,-0.995748609,-0.097413983,0.529772725,1.076786943,-1.362359002,0.418653403,-0.291243726,0.18689717,-0.970429072,0.963806098,-0.601627244,-0.547306379,0.215085936,0.763337643,-0.164244632
Company277,1,TRAIN,-0.089775936,0.356778556,-0.333797263,0.591420329,-0.349103443,1.830051427,-0.460956788,-0.718442812,-1.558110841,0.988932059,0.808220865,-0.136913288,-0.458030777,-0.497046581,0.446188876,-0.582058866
Company251,,TEST,-1.082401799,-0.162553719,0.270632608,-0.283708806,0.315781528,0.695846687,0.85340504,-0.715337264,-0.34046818,-0.9219322,-0.167334973,0.650507146,0.236263085,-0.724706996,0.116684007,0.091940585
Company266,1,TRAIN,-0.446197753,3.209159312,-2.094899353,-0.165260959,1.027251339,-0.571763768,1.967296098,1.131831502,0.718951096,2.245248849,-0.95156201,-0.707124155,-0.564782078,-0.063982461,-2.257485766,0.609847684
Company253,,TEST,-1.210633704,-1.010616927,-0.383322504,0.055052644,0.509485553,0.805762591,0.031159416,0.111705046,-0.214925518,0.604519604,-0.283485949,-0.069351989,-0.368014811,0.370458239,0.246394816,-0.870826546
Company20,0,TRAIN,-0.617541574,-1.590254035,-0.775210551,-0.772785236,0.091019877,0.205040497,0.77947246,0.142398224,-0.481522597,0.648897181,0.183940198,1.010057112,-1.662232791,-0.702851578,-0.958272977,1.082013914
Company205,1,TRAIN,-0.340447704,-1.05808166,-0.335036633,-1.711232077,-0.012476698,0.019358548,-0.372058002,-0.486859617,-1.215231289,1.089026903,-0.976730906,0.802923721,-0.230768979,0.101498401,-0.685977194,0.021861775
Company123,,TEST,-1.283607286,-0.675692806,0.448304573,0.049888783,-0.579907144,-0.202048216,0.577465063,-0.180364485,0.696632856,-1.157781409,2.098807276,0.07360431,0.688375024,0.425294086,-0.227960656,-0.677034125
Company272,1,TRAIN,-0.593840838,-0.669760599,-0.32070436,0.902977585,-1.715028187,1.819304064,1.866097924,1.853371098,0.890026752,0.489900608,1.312438136,-0.403845724,1.587097297,-1.19545159,0.28851248,0.069302643
Company257,,TEST,-1.351990673,0.840716193,0.317497869,0.439671525,0.431359338,0.032824448,0.250270775,-0.339651479,-1.021293498,0.661523472,-0.565421208,0.212049322,-0.263164717,-0.469143626,0.419431797,-0.786860577
Company296,1,TRAIN,-0.649312521,0.022952034,-0.903502715,-0.567858735,-0.22611945,0.500932307,-0.901215482,0.192758941,-0.353069885,-0.181206988,-0.908344161,0.275495069,-0.581444991,-0.299307513,0.50863439,1.166975923
Company231,0,TRAIN,-0.358296891,0.160766918,-0.790977316,0.656492604,-0.925023181,1.597256256,-0.837356157,-0.193013057,-0.254322173,0.257912013,1.212794698,0.838597666,-0.914102477,1.307353971,0.457355618,-1.121439818
Company307,,TEST,-0.759498027,0.035536782,0.296424359,0.100073743,0.31735811,0.830711249,0.187279407,-0.538390254,-0.682205537,-0.299825182,0.28920699,-0.286655394,-0.97332231,-0.20636068,0.694164506,0.253106582
Company311,1,TRAIN,0.344569674,-0.066670608,-0.190254254,0.387977826,0.220320382,-0.002803759,0.193490647,2.021338941,-0.589055041,-0.928452854,-0.654832263,0.455532277,-0.294246693,1.157800778,-0.62616715,0.732640553
Company219,0,TRAIN,-0.470053781,-1.552709658,-1.339394947,0.076295519,-1.237714845,0.987835131,-0.316586975,-0.839350616,0.292529264,0.542563914,0.8184464,-0.919599363,0.549884489,0.170879975,-0.358109707,-0.43336815
Company224,0,TRAIN,-1.224111499,-0.881381997,-0.407378514,-0.260137289,-1.173435348,0.525959566,-0.113680188,0.175304918,0.907298091,-1.302369141,-0.404700416,-0.916831905,0.780023251,-0.325015643,0.008456752,-1.721885067
Company69,1,TRAIN,-1.011621556,1.04057916,1.392744109,0.667919477,0.063119648,-1.35187138,-1.081462533,0.005193283,-0.092019799,1.962977515,-0.829183737,-1.08706006,0.06479551,-0.32073652,1.76870794,1.046492969
Company29,,TEST,0.21784375,-1.714771462,-0.279804497,0.535110132,0.697401117,-1.162082245,-0.737805786,-0.383967734,1.295714487,0.179676016,0.857458757,-1.393457449,-0.803193191,1.688333245,2.653308353,0.438491683
Company77,0,TRAIN,-0.463499677,0.862869863,-0.876985199,0.193323167,-0.357007264,-0.254076825,-1.564612158,0.376086212,-0.543906659,-0.618505099,1.647008413,-0.04994045,-0.111634367,-0.236026436,-0.044985115,-0.090048155
Company163,0,TRAIN,1.177566271,0.29353095,-0.4513155,-0.029563576,-2.032911451,0.014034886,-0.295263557,-0.41648286,-2.05580923,-2.130359619,-1.888116809,-2.750021254,1.166193868,0.723619785,0.08821645,0.740613021
Company66,,TEST,-0.817121948,1.242366202,0.392640168,0.445236887,1.085160549,-0.326787183,-3.21594342,2.081205539,-0.638310263,-1.256428829,1.106657591,-0.633852178,2.357349735,-0.446943349,-0.026503169,2.444335424
Company44,1,TRAIN,2.464897966,1.551085722,1.76455658,-6.005698212,-1.095936785,-0.956975997,1.726126465,1.289197654,-1.713386914,0.334912329,2.690869996,0.285617073,0.999334459,-1.688185079,2.343487402,-0.512844565
Company60,0,TRAIN,-0.939181144,-1.424716214,-0.877960145,-1.293405418,0.197249136,-0.109543217,-0.010009387,-0.114519496,-1.882095087,1.572117152,-0.60977104,1.706539891,-0.224029036,0.008174662,-1.129497486,0.348944172
Company310,1,TRAIN,-1.112223439,-0.675813886,-0.036725362,-0.489704493,0.60965039,-0.028004013,0.337215067,-0.045208885,-0.998728923,-0.000911659,0.153180047,0.135447966,-1.07184876,0.108013107,0.628265076,0.276858584
Company204,1,TRAIN,-1.752111736,0.071906578,1.36743157,-0.766837722,-0.200484504,-1.414928715,-0.376932693,0.140081958,-1.463548795,1.053966215,0.055551871,-1.043407366,1.041261959,0.598757671,-0.762771546,-0.019880367
Company58,,TEST,-0.663452683,-0.090183628,0.690579526,-2.826626493,0.042833395,-0.432515137,0.785176461,-0.102643466,-2.361710531,0.032107622,1.03759837,1.305026804,2.098730575,-0.18371644,1.068629622,-0.303387433
Company306,0,TRAIN,-1.05997334,-1.182528773,-1.040341514,-0.289871941,0.350225478,0.400736854,-0.638305526,0.042081296,-0.048381123,0.267372113,-0.737126928,0.715831776,-1.19417013,-0.151113857,0.409786389,-0.334752461
Company269,1,TRAIN,-0.059200711,0.501147205,0.139489473,-0.328613325,-0.601778142,0.650853298,0.003662545,-0.561865792,0.148310793,-1.206251489,-1.13761145,0.314181541,-0.234180568,1.007919525,-0.14138986,0.549028329
Company182,0,TRAIN,0.377019633,0.476648139,0.40680164,-0.952168271,-1.390394699,-0.387284655,0.682168199,2.816756054,-1.333200844,-0.024922444,0.379672364,0.144415505,-0.113014305,-1.187446837,-1.700530666,1.135355905
Company234,0,TRAIN,-1.072610608,-0.826196163,0.117552777,0.610176827,0.392230687,-0.655065959,-0.127233847,0.10124028,-0.137058594,-0.926044582,2.004607758,-0.981519326,-0.218397385,0.841068994,0.298452962,-1.120003372
Company146,0,TRAIN,-1.872779912,0.161299529,1.320508758,0.652511952,-0.964718301,-0.599721249,0.585733548,0.766593487,0.869587515,0.608285376,-0.766362548,-1.036267607,-0.219614694,0.345646923,2.259511472,-0.52958985
Company167,0,TRAIN,1.101036131,-0.104686879,-0.693365879,0.829762327,-1.067429596,0.139235387,-0.415289826,1.1005337,-0.846227789,0.019296082,0.170381372,-0.719266275,-0.724435351,-0.027933538,0.447940162,-0.786424248
Company170,,TEST,0.78589676,-0.671863705,-0.865970826,0.371506182,-1.617567421,0.63672618,0.389004552,0.686817053,0.474288548,0.822368184,0.27603377,-0.654824137,1.730619178,-0.450692884,-0.359025722,-0.502965724
Company294,1,TRAIN,-0.618455026,0.887768211,-0.085209678,-0.935375497,-0.747630062,-0.018175587,-0.265226152,-0.453154645,-0.345088518,-1.810699829,0.861822695,1.165811858,0.394495951,-0.448394939,0.411291735,0.127540514
Company184,,TEST,1.390792713,0.240412257,-0.635723528,-1.066573864,-2.502222765,-0.627894763,-0.476281618,-2.32374429,-1.270424332,-0.030047621,-0.376517269,-2.201695857,-1.049621555,0.718968814,0.168013845,1.783397917
Company118,0,TRAIN,-1.404652615,-0.074845361,0.327977086,0.309541046,-0.497232817,0.259057871,2.111012298,0.450967818,0.04877999,-0.59216141,0.226620289,0.824411649,-0.390921616,-0.159776889,0.93609508,-0.570847369
Company313,0,TRAIN,0.309219903,0.097136211,-0.79177333,0.534777353,0.450556282,1.927771403,-0.395098025,-0.347412865,-2.455916501,1.900009827,-1.00103153,0.514479758,-0.250966035,-0.097471595,0.1104132,-0.677567077
Company314,0,TRAIN,-0.118692954,-0.433375267,0.234063246,-1.608947519,0.993278504,0.311524558,1.308374462,0.684460629,-1.145790561,0.199878028,-0.096677162,0.527359457,-0.654287819,-0.725215516,1.003922441,0.276552745
Company305,0,TRAIN,-2.121163791,0.086426312,1.073303665,0.109420289,-0.038332309,-2.690831039,-1.073011849,1.580849572,-0.499624316,1.987178678,-0.449102393,-1.312249313,0.595761981,0.39494147,-2.065248296,0.786735485
Company82,,TEST,1.623795945,-0.407059708,-0.536407636,-3.356768454,-0.349053433,-1.113672296,1.406495949,0.659337445,-0.511237912,2.06619315,0.240534891,3.185853248,2.022865565,2.233291721,0.481669325,0.397417543
Company96,,TEST,0.913585136,-0.787394804,-0.114166741,-1.708134944,1.043701152,0.264285831,-0.912322532,0.262614929,0.00255931,0.618716913,-0.022604806,0.344286373,0.016298251,1.929533827,1.149359673,-0.133223141
Company73,,TEST,-0.776954674,0.547977062,0.79887468,-0.405841052,-1.612538471,1.271384836,-0.696533791,1.754396258,2.328036255,-0.222831698,-1.077693191,0.089101852,-0.346884102,2.204802546,-0.966728165,1.22709534
Company280,1,TRAIN,-0.769721421,0.026994284,0.295762439,0.039627099,0.28728656,0.790769978,0.2479637,-0.508426589,-0.668257655,-0.37164685,0.256731594,-0.302917967,-1.069095586,-0.131977871,0.669292534,0.25981398
Company290,1,TRAIN,0.273302552,-0.730680061,-1.053134203,1.87166934,1.129308201,0.394490199,0.088960456,0.05756235,-1.437567984,0.545047163,0.692764487,0.957773988,1.421173208,0.517290021,0.860484602,-0.664247716
Company54,0,TRAIN,-0.2620044,-0.569456034,0.172633173,0.16443312,0.330401603,-1.111834276,-0.789891161,-1.108983655,0.131395571,-0.035843515,-0.922303247,0.129131115,-1.250003526,-0.175209378,-0.515007876,-0.604840321
Company111,0,TRAIN,-0.268001284,-0.030994246,1.045717696,-0.267589396,0.49983679,-0.270010622,0.060076534,1.011992782,0.482765757,-0.808710327,1.287888318,-1.224307867,-0.286897735,2.222378433,-1.475342329,2.261359512
Company48,1,TRAIN,2.517310235,1.149130321,1.033256325,-0.026853251,1.133251608,-0.447758617,-0.853538648,2.331582246,-0.017689532,-0.867200887,-0.332514077,-0.790630019,-0.461246032,-0.53041285,1.229724301,0.640061029
Company221,1,TRAIN,-1.276360617,0.086313048,0.300567548,-0.011039215,-0.63366803,0.219544057,0.948095412,0.673024456,-0.187507948,-0.162992723,0.381660988,0.954008186,-1.074846275,0.443904593,-0.181072117,1.088278866
Company16,1,TRAIN,0.44181548,0.795734447,2.274494351,-0.893075718,0.677779661,-0.266410003,-0.559279511,0.697129784,0.369942704,0.342557087,0.258717418,-1.415116078,-1.902469775,-0.008795776,-0.961750996,-1.155949539
Company23,1,TRAIN,1.089037427,0.257516473,0.051023409,1.045540843,-0.353487672,1.485332534,0.3013771,0.084259597,-0.920444966,-0.101111576,-0.425445186,-0.064155303,0.265852733,2.624385227,-0.327619146,-0.713951909
Company90,,TEST,0.916705795,0.520181445,0.333956651,2.659983014,0.828253803,1.656188499,-1.309118717,-1.686436103,-0.506894222,2.362926426,1.808443701,1.080883628,2.154849405,-2.33477785,0.025063028,-0.258491343
Company99,0,TRAIN,-0.736096854,0.394843223,0.613908864,-0.831801261,-0.21253241,1.368645686,0.95474642,-1.851199991,0.179592401,-0.97031802,-1.201850394,0.245007754,1.025137808,-2.009343036,-0.835463584,-0.331998963
Company303,0,TRAIN,-0.049508907,1.846438586,-3.470348833,0.169243814,2.384024807,0.097289375,-2.758091768,1.542373599,3.478334052,-1.740555072,1.767497734,-0.659429656,1.47063176,1.499725927,-0.775670422,3.066004005
Company203,,TEST,-0.157403196,0.117867575,1.147675915,-0.234673579,0.81893141,1.50601501,0.2851022,0.112510706,-1.643092301,0.5021851,-0.161929666,-0.245301797,0.852390513,1.317652459,-0.613660804,1.039257384
Company274,1,TRAIN,-1.165685694,-0.149689337,0.39026942,0.468844796,-0.58226891,0.053449209,0.127091358,-1.512387692,0.679617566,-0.317830193,-0.520042994,0.027625575,-0.124836384,-0.491412274,2.573570423,1.888196257
Company201,,TEST,-0.430378685,0.112520021,0.527447526,0.517774042,0.152940279,-0.363774927,-0.744296307,-0.032369387,-0.138631914,-0.984415375,0.622764875,-0.869637006,0.275853123,0.606265443,0.230271265,-1.266525912
Company33,,TEST,0.54305209,-0.950527823,-0.72785411,-0.73437807,0.543379702,-1.166007909,-0.313850414,-0.514933537,0.511978823,-0.597683283,-1.083683185,0.118536178,-0.207795616,0.436425103,0.540345979,-0.087754708
Company255,1,TRAIN,-0.640085512,-0.439471105,-0.090288134,0.85399975,1.797075209,0.400430464,-0.208739388,-1.162494481,-0.843558545,0.886501318,0.223479437,0.753993747,-0.521494578,0.079406412,-0.464442669,-1.123327948
Company260,,TEST,-0.867545913,2.904047903,-1.183961768,-1.025711463,2.192015238,-1.030417584,1.521435477,-0.040424849,0.726973899,0.896623387,-0.778132266,-0.26720652,0.352864782,-0.138112472,-0.605183401,-1.223181027
Company43,1,TRAIN,1.061035754,-0.53566191,0.373286782,-2.404955431,0.545459641,2.20319125,1.368909866,0.903084862,-2.441492215,0.155265967,-2.461895206,-0.80320204,1.769328719,0.802278814,-0.695870116,0.006556053
Company227,0,TRAIN,-0.840071049,-1.761312063,-1.085388649,-0.086852259,0.110597559,-0.946912581,-0.526055522,-0.351627225,0.360559171,0.116760868,0.135105483,-0.875653603,-0.112342056,-0.343515875,0.168155074,-0.674401118
Company285,1,TRAIN,-0.106235573,-0.741787782,-0.864051027,0.328481704,-0.164045917,1.093569894,-1.264423214,0.946816656,0.461047959,0.029951743,0.250242941,-0.429534377,-1.834514302,-0.017877893,0.360759263,-0.35744851
Company148,0,TRAIN,-1.241324175,0.928036173,-2.516527506,-0.242501704,1.175877861,-0.778234157,1.593749035,0.200242885,2.044137839,-0.080694344,-0.539433361,-0.946877303,1.512201336,1.790473324,0.839677587,-1.146308068
Company147,0,TRAIN,0.553601901,-0.139874102,0.703389396,-1.148323317,0.41717,-1.261156129,-0.501029113,-0.244247602,-0.180262192,0.635445953,1.336612715,-0.655098306,-0.851237577,-2.885294912,1.491653693,-1.003369831
Company258,1,TRAIN,-1.140551229,1.955754797,-3.045947953,0.657500891,2.436204455,-1.634895719,0.961811011,-0.448127542,0.19759417,0.79279517,-1.091250767,-0.317054149,0.175842935,-1.029870631,-0.26269525,-0.574550221
Company144,1,TRAIN,-0.192833225,0.185730048,0.879109221,-1.075714516,0.721824159,-0.202136918,0.567331979,-0.960760966,-0.276680205,-1.822745058,-1.547912713,1.014959847,0.62301597,-1.069431437,-0.35114965,-0.639660651
Company34,1,TRAIN,0.356214906,0.420813902,-0.064569732,0.369300682,-0.035998511,-1.099132649,0.548548612,-1.128072016,-0.620428159,-1.109604961,-0.339307308,1.454839149,-0.792418343,-1.79676534,-0.784959328,1.016625656
Company312,,TEST,-0.39230502,-0.824477706,-0.338545628,0.531618911,0.518915135,-0.389821307,-0.111019572,0.193778702,0.311473817,0.153212121,-0.11832667,0.585117475,-0.191327951,1.512668872,0.209877351,0.198231168
Company61,,TEST,-1.214333336,0.939182656,0.544350964,0.264152667,1.383906875,-0.694839958,-2.719783914,0.764617569,-0.487216787,-0.759080923,0.074642042,0.073994889,0.924844756,-0.39233786,-0.720864033,2.786344918
Company101,,TEST,-0.205295981,0.781010812,0.912710743,0.075193951,1.089145303,1.448439108,0.270452247,-1.117690742,-0.236248766,-0.842939508,0.012819154,0.206917521,0.10426072,2.106255911,-0.114292711,-0.1309694
Company249,,TEST,-0.997322479,-0.573113091,0.276732103,-0.015443505,0.31744519,0.171333144,-0.329769697,-0.285155959,-0.516120714,0.714392193,0.032514237,-0.433711094,-1.037710248,0.261125447,0.133758942,-0.612232332
Company47,1,TRAIN,0.470033989,1.300276911,0.637504099,1.008126323,-1.343366551,1.82686379,-0.114638863,-0.505220419,-0.740399153,0.168988355,0.642676771,0.370403142,-0.916293444,-0.781900733,-0.707421718,0.089439793
Company309,1,TRAIN,-0.696623236,-0.469525449,-0.176142663,-0.102289847,0.757627894,-0.508711,-0.000324581,-1.082673624,-0.292920133,-1.545028967,1.563667684,-0.581055298,0.190617861,0.436327724,0.307784037,1.69660522
Company97,1,TRAIN,1.608609586,-0.10140171,0.860916612,-0.600910482,1.979524556,1.948114573,-0.028736989,1.734487181,-1.077699259,-1.253555761,0.774816433,-1.867179503,0.210275505,-1.292134042,0.529014105,-0.896928948
Company213,,TEST,-0.994980247,3.300165193,-1.332919582,-1.512065054,0.717634718,-0.531416727,-0.997605136,2.109225403,2.131334523,1.31824907,0.04607448,0.451088803,-0.436287888,0.945501905,-0.141967646,0.67280134
Company223,0,TRAIN,-2.230459388,-0.085861984,0.713055224,1.222233571,0.774090417,-0.998073119,1.115287579,-0.187429632,0.421770778,-1.118718106,2.647532263,0.616346364,-0.042498831,1.810845919,0.820476738,-0.761791484
Company196,0,TRAIN,-0.840273617,1.715395708,1.605691977,1.739753746,-0.914355544,-1.103073364,0.801613045,-2.169672112,1.037191261,-0.168681547,0.119784552,0.981800021,0.187131333,2.164800528,2.652629731,-1.317090546
Company108,1,TRAIN,1.616806928,-1.119483334,1.232799674,-2.831385425,1.157889722,0.84254805,0.22813682,0.08766292,1.506888968,0.5839212,1.472379348,-1.27486844,-1.271209354,-2.169739992,-0.946050722,-1.339617488
Company72,,TEST,0.818296081,-0.287057469,-0.717686874,-2.968603369,-0.897183878,0.859976327,-2.573855166,1.610099964,2.317889026,0.895605932,-2.059976198,2.779517141,0.81288814,2.627654031,1.045564762,1.759618755
Company235,0,TRAIN,-1.603123049,-0.290930781,0.377793877,0.014563172,0.253465031,-0.565583059,0.346080546,-0.928823424,-0.543367238,-1.066049416,-0.915229424,-0.40741104,0.55095071,-1.870020174,0.229724966,-0.056893212
Company14,1,TRAIN,0.982658768,0.010194213,-0.1890422,-0.453113761,1.301096962,-0.238993255,-0.475934072,-0.571328072,-0.23247133,0.307837337,-0.358396734,1.415002613,0.323617943,1.979725813,0.895676157,0.802980133
Company65,0,TRAIN,-0.143868546,-1.73305226,-0.170396411,-0.273876507,1.140976174,-0.794376311,-0.57638401,-0.534399695,0.07010287,0.491722234,0.787145347,-0.3786287,0.820307879,-0.318997545,-1.27598789,-1.09817512
Company181,0,TRAIN,-0.598815069,1.109549925,1.229742456,0.244478246,-0.823663786,0.393296156,-0.59139518,-0.186091622,0.693273524,0.131604584,0.338270719,0.46953961,-2.01137798,1.28466243,-1.322524871,-0.240259615
Company62,0,TRAIN,-0.368634225,-0.356269326,-0.516196257,-1.024681031,0.540738045,-0.901668841,-0.496260353,0.097078846,-1.118309914,-1.080551988,0.580786451,-0.360820603,0.388056635,-1.998315025,0.433573812,0.65233768
Company39,0,TRAIN,0.281095306,0.804244333,2.49702485,0.410274812,-1.087283588,-0.460709981,0.239364332,0.186403381,0.842203488,0.274658463,-1.272238152,-1.017121857,0.612219607,0.768127245,-1.798392771,-1.36391342
Company106,0,TRAIN,-0.205191067,0.880779797,1.713967931,-0.405502114,2.032676162,1.875084889,-0.573724202,-0.898999709,0.080051385,0.986891601,0.45026712,0.100381984,-2.479229669,-1.148793486,-0.988001422,0.105956811
Company38,0,TRAIN,-0.626011381,0.259705357,0.212169086,-0.443280444,-0.344333344,0.424433289,-0.190991534,-0.536823492,1.047088986,-1.043136884,-0.821157754,0.903547933,0.608371906,-1.934158005,0.074407517,0.732811695
Company100,1,TRAIN,-0.736183443,0.944256047,0.831743815,-0.274518677,0.11477211,0.640886526,-0.156980061,-1.125944716,0.159146848,-1.594504613,-0.309426323,-0.034350151,0.025276734,-0.484836376,-0.846374662,0.152342286
Company84,0,TRAIN,-0.665829676,-0.43813235,0.408489228,-0.035977787,0.587725265,-1.316360306,-1.138177987,-0.258770751,-1.746357984,2.426050117,0.104125134,-0.74502246,2.116829216,1.303598974,-2.565430048,0.9736183
Company63,0,TRAIN,-0.877582266,-1.24752393,-0.806150525,-0.002066228,0.414747087,-0.42220938,0.290401363,0.526792573,-0.118536605,0.054167112,-0.455028064,1.340479267,-0.676404818,-0.893546801,-1.093770651,0.984506886
Company291,1,TRAIN,-0.090488936,0.195945783,0.096372745,-1.036163398,-0.57716793,0.38965364,-1.316549343,1.694126552,0.229466844,0.061762899,0.257911656,0.016071101,-0.173000152,0.084266484,0.435060543,-0.01151306
Company94,0,TRAIN,-0.099186596,0.813124651,2.204579427,0.602314899,-0.222171073,1.661007626,-0.499147168,-1.283116527,1.23004653,2.169905467,1.110375862,-0.609052481,-1.277215712,-0.527157921,1.091893784,0.559149308
Company76,0,TRAIN,-0.890510989,-0.170469289,-0.904304159,-0.859663418,-0.689630725,0.769533395,-1.523255597,0.000864465,0.467035119,1.462173551,-1.187732306,1.005966054,-0.81309913,-1.528138897,-0.066245518,-0.690442425
Company214,1,TRAIN,-1.042328245,0.915583941,-0.110314102,-0.07475663,-1.952924827,-0.503338248,-2.822202263,1.566093564,0.714379319,-0.141291324,-1.096421378,-0.340228785,-1.187404868,-0.651094776,-0.654441285,-0.466309556
Company41,1,TRAIN,0.14091528,0.706893922,1.298317448,0.99234657,0.073575699,-0.28744451,-0.069494516,1.895199552,-1.343396634,0.823261589,-0.762940209,-1.421477448,0.100577518,0.176921991,-0.621585125,-0.240047531
Company292,,TEST,-1.335055952,0.288863055,1.161563168,0.057194084,0.04497239,1.391352539,-0.38371313,0.924770457,0.366213334,0.609037866,-0.077260937,0.036427452,0.354907958,0.697463418,-0.552588746,-0.165869066
Company70,1,TRAIN,0.178698344,1.544628002,-2.820684191,-0.822675742,1.385324549,-0.216835712,0.51895778,-1.840623756,1.16496469,0.713457577,0.324670751,-1.459192266,0.645762812,0.581367718,-0.602710314,0.270310556
Company121,0,TRAIN,0.047274492,-1.762800907,-1.22430263,2.746516801,-1.836794971,-0.297648466,2.015747822,1.134663683,-0.383423945,2.354352262,3.270831648,0.061782751,1.172146803,-1.691796742,-0.686748048,0.413772882
Company202,1,TRAIN,0.202797378,0.795686949,1.009935525,0.120848379,0.639166088,-0.515763139,-0.060683569,-0.166647998,0.577845311,-0.883225163,-0.725220413,0.72149634,-0.808194742,2.548199232,-0.422343143,-0.487233437
Company56,,TEST,-1.088558555,0.483032839,1.006160739,-0.662834817,-1.042181861,-0.398418823,-0.367740926,-1.691215194,-1.046060932,0.933129149,-0.753769233,-0.273479226,0.879411645,0.11738978,-1.329030582,-0.395739401
Company161,0,TRAIN,1.452722256,-0.46876579,-0.829081681,0.81541604,-0.113528577,0.640090801,0.44663165,1.381952748,-1.207418719,-0.849436358,-0.734065712,-0.172808229,-0.723176013,-0.203612362,-0.108564091,0.299167517
Company103,,TEST,1.545128543,0.538986007,0.54920111,0.343304815,0.19298346,-0.100856111,-0.388335093,-2.722298686,-0.324332159,0.762844215,1.019030784,-0.637642086,-0.373306642,0.321623308,-0.221723353,-0.969747751
Company287,1,TRAIN,0.321835003,0.52047575,-0.173123057,-0.382660156,-0.643499342,0.309515243,-0.572571801,0.264884721,0.35895237,-1.089043399,1.632371718,-0.074373823,-0.259188036,0.64407899,-0.239051187,0.309325742
Company37,,TEST,-0.178207983,1.059144191,-0.072195678,0.096446655,-0.709845086,0.107153416,-1.786584712,-0.734218174,-0.5836528,0.570764629,-0.227088546,0.478388799,-0.429785638,-0.519314329,-0.632371522,-0.097241433
Company155,,TEST,-0.275501873,0.015536293,0.041144412,-0.245971486,-1.070992645,0.993242627,-0.31390198,0.576006356,0.18618566,0.478195522,-1.343771845,-0.321113186,-0.988707381,0.281303915,-0.250932766,-0.852872044
Company81,0,TRAIN,0.262890511,0.572606884,1.338850798,-0.695890522,1.151350183,0.186594615,1.611023181,0.671087864,-0.86231952,0.037402241,1.130933924,1.376704669,-0.023650762,1.795138435,0.103933364,0.225255649
Company191,,TEST,-0.13637352,0.382353578,0.518745944,0.069127495,-1.325750037,-1.063517758,-1.252199607,-1.103404896,1.167963877,-1.025979403,-1.087286084,0.39150687,-1.166012853,-1.276293383,-0.167861572,0.041384469
Company215,0,TRAIN,-0.098465212,1.831804891,1.058228213,-1.114229086,-0.243124181,-0.64170668,-2.253816355,1.156074636,0.581790529,0.961663255,0.048516389,1.974698281,-0.496484343,1.042417161,0.669593396,-0.243401547
Company293,,TEST,-0.464320021,-0.321035712,-0.464889422,-0.781670867,-0.049646168,0.275011546,-0.704961663,0.140018584,-0.250876955,-0.563241398,0.248838558,0.637790742,-0.242156447,-0.938331149,0.336632585,-0.189435818
Company206,1,TRAIN,0.171640684,0.002066672,-0.012719417,0.510859258,1.705138856,-1.036033392,-0.401169638,0.241911862,-1.245883684,-0.031997044,-1.153741333,-0.147473879,-0.637242549,0.613154127,0.568089902,-0.513124134
Company8,1,TRAIN,0.9265022,-0.737312955,0.349984701,-0.825752202,1.310847648,0.845850433,-0.790562228,-0.23762556,0.117680899,0.435819129,-1.199517199,-0.758604275,-0.875915081,-0.709705791,-0.314304937,-1.112613451
Company209,0,TRAIN,0.023935518,0.062219082,-0.380059232,1.323600795,-0.14151208,-1.297195233,-0.927352251,0.712946143,-0.951094539,-0.031142295,0.903288201,0.108889041,-0.34784984,-0.890430001,-0.921392165,0.813527551
Company143,1,TRAIN,2.57016536,0.640705669,-0.064481689,0.07529184,-1.592182896,-0.485032861,-0.28411631,-1.917376426,-0.402512765,-1.272553212,1.675128722,-3.613477431,-0.397500231,1.641589412,-0.03866888,2.185749656
Company286,1,TRAIN,0.241016107,-1.104753999,-0.929390727,0.0493477,-1.14572176,0.315374999,1.449391931,0.879356485,0.169355567,0.660821239,0.934844022,-0.424970581,-0.08941498,-1.364924605,0.052196718,2.721170017
Company216,0,TRAIN,-0.961578175,0.755612958,0.826378813,0.063128692,-1.418143366,0.039627615,-1.240001166,-0.403918548,1.357790912,-0.893668225,-1.066036081,0.42407518,-0.273248986,1.236445544,-1.351303408,-0.751926111
Company116,0,TRAIN,0.109417734,-1.637361237,-1.161834519,-0.949008548,-0.723579169,0.262589602,-0.176812605,0.085384716,0.046932751,0.355687818,0.358682083,-1.665985825,-1.190548111,-0.002179413,-0.142983222,0.468152421
Company252,0,TRAIN,-1.836864389,-0.803800739,-0.308254355,0.343603962,0.238394871,0.221225318,0.898639367,-1.284200507,-0.309193295,-1.000810505,-0.563844923,0.72270874,1.334358463,-0.642952458,0.692089514,-0.762286843
Company45,,TEST,0.581111161,0.75523254,-0.021365657,0.952956036,-1.206209308,0.376836844,-0.534778522,0.595358491,0.177984004,-0.303049602,0.209917005,0.426074851,-1.193820676,0.582095817,-0.122791733,-0.125837233
Company151,0,TRAIN,0.220856461,0.456609209,-0.663442309,1.267102823,-2.200135172,0.329549715,-0.003110689,0.031461447,-0.915931359,0.897707534,1.068955856,1.65980722,-1.239318241,0.328251974,-0.880213764,-0.223997731
Company91,0,TRAIN,-1.047606525,0.308751541,1.192381293,-0.178442546,0.024693104,0.632810732,-0.18259702,-0.747144887,-0.272549852,-0.630158375,-0.263260296,-0.61976492,-0.807406631,-0.802828263,-0.778135496,0.645939488
Company95,0,TRAIN,1.169293351,-0.335346675,0.428264673,0.950700415,0.735841837,1.65151924,-1.3882565,-1.122173394,-0.237840672,1.402984362,1.690050888,-0.694136445,0.521127078,-0.040992018,-0.412005215,-1.654031808
Company256,1,TRAIN,-0.096947398,-0.160152106,-0.607071645,0.325209221,0.576155251,0.663394932,-1.106730341,0.107635503,-0.165843391,-1.390762142,0.953182187,0.700652947,-0.615426914,0.393694284,0.42917549,-0.594391741
Company295,0,TRAIN,-1.49303317,-0.314696476,-0.406571589,0.898931032,0.43433267,-0.015323492,-0.267865787,0.197628005,-0.863767708,-1.170006033,0.675973239,1.336125351,-0.195461799,0.595701176,0.920750903,-0.049497181
Company172,0,TRAIN,0.587472325,0.346222012,-0.461769168,1.129396539,-0.854136145,1.432797446,-0.595194205,0.903087528,-0.507796792,0.085056752,-0.242305028,0.638519134,-0.536135913,1.150065213,-0.358258656,-0.716099412
Company289,1,TRAIN,0.645246938,0.391744007,-0.608643775,-0.544417597,-0.809846329,1.327249814,-1.287398746,-1.775098528,-0.09506814,0.808474603,0.094601863,1.004399404,0.01985704,-0.143504049,-0.723274904,-0.634768893
Company7,,TEST,1.457411514,-0.439987664,-0.74101534,0.731533294,0.272591264,1.705138937,-1.338578314,0.409944845,-1.333882981,-2.041799798,-0.676823436,-1.710277544,1.308547592,-0.781503672,0.345306945,0.150102606
Company158,0,TRAIN,-0.010810249,-0.706683598,-0.566522447,-0.646081547,0.187232635,1.536449768,-1.072227258,-0.043361359,0.44444884,1.004364527,-1.068096128,0.347396082,-0.460231656,-0.705109203,-0.324043218,0.156784386
Company78,1,TRAIN,0.086266182,0.737343744,0.360365459,-0.311989231,0.164865841,-0.474218501,0.379789765,-2.114258792,-0.968273534,-0.92475278,-1.655044466,0.485259936,0.056586717,0.515367976,0.225204339,0.321144622
Company142,,TEST,0.442942719,1.153675901,1.633365482,1.375435255,0.39941939,-0.918482225,-0.224431472,-0.883154999,-0.463941506,1.198632779,-0.695329505,-0.301435857,0.562799056,-1.609276922,-0.478646536,-1.623643015
Company284,1,TRAIN,0.739354542,0.073057476,-0.099702115,-0.059152778,-1.295721196,0.210006326,-0.202993561,0.287605142,0.325795044,-0.12236076,-0.194426089,-0.583499782,-1.029168263,-0.168430823,-0.211715359,-0.47109534
Company183,1,TRAIN,0.704335032,1.704715646,0.819254487,-1.270999253,-1.28797869,-0.260081932,-0.916983138,0.297834665,-2.540668947,2.102629369,-0.382021534,-0.930972782,0.452726397,0.55976912,-0.866736351,0.547316979
Company53,,TEST,-0.751623515,0.791349874,0.880724958,0.079731015,0.596134521,1.402958039,-0.148057616,-1.388758374,-0.665061963,0.429935505,0.103541334,0.528266385,-1.012549264,-0.274765604,-0.612826842,0.555765012
Company298,0,TRAIN,-0.807241332,0.724769427,0.692039296,-0.130903101,-0.804428188,-0.637159379,0.056311812,-0.451194914,0.039440713,-0.47541818,0.185630044,1.113278037,0.588526673,-0.984138616,-0.613329675,0.020745154
Company210,0,TRAIN,-0.690360473,0.879719515,-0.256987737,-0.066508962,0.268537165,0.65760946,-1.93487688,-0.00579881,0.06055899,-0.211564627,-0.704693024,0.926998016,-0.356044852,-0.862074598,-0.594372319,0.429108901
Company85,0,TRAIN,-0.495013934,-1.777819894,-0.598372986,-1.195089545,1.063522455,-1.640971134,-0.808716845,0.197100848,-1.144582903,1.710814811,-0.2866306,-1.014539088,2.227715546,1.558266969,-0.93661415,0.70835906
Company270,,TEST,-0.462926885,2.775626578,-1.866726422,-1.323949511,0.919389769,-0.166061859,0.87079437,1.105296247,0.609937709,-0.06482746,-0.235440729,-1.550129514,0.333904261,-1.332507486,-0.910217443,-0.920695793
Company75,1,TRAIN,0.500182068,-0.177731071,-0.75360595,-0.852875348,-0.01707399,-1.057326992,-2.248990371,0.512823406,0.539644448,0.335338494,0.048248546,2.003446505,-0.819249909,-0.738630571,0.212025768,-0.121529792
Company71,1,TRAIN,1.575024239,-0.293175636,-0.909344704,-0.955427055,-1.815298829,-1.259937156,-1.789048945,-2.707733833,-1.148225469,-0.328640389,0.942546422,-3.932071025,-1.245768854,0.219741546,0.161358963,2.68455232
Company55,1,TRAIN,0.194506707,-0.871722225,-1.099196588,-0.199206936,-1.066127656,0.202553695,-0.639713807,-0.872909879,-0.063643248,0.80888412,0.303209844,0.828114082,-0.678414808,1.775858321,0.003614867,-1.122222096
Company275,,TEST,-0.300189451,0.768606631,-0.699158048,-0.725992197,-1.962787176,0.789065678,-0.218913267,-2.048548804,0.363755422,-1.813574667,-0.621066966,0.060444326,0.163058856,-0.756878941,-0.127975946,0.734690829
Company276,1,TRAIN,1.264946599,-0.282164417,-0.582692927,0.270581661,-0.67927545,0.527840036,0.792772276,-0.464565337,-0.599423203,0.680858384,0.083186668,-0.585234639,-1.299552887,0.406680967,1.52258212,1.999497792
Company193,0,TRAIN,0.820870426,-2.188548568,0.195707887,0.503586255,1.212139721,-1.799486496,0.033513852,-1.270340036,1.523427686,0.967714283,0.105557959,0.149243439,-0.310476217,0.98534899,-1.844459161,-0.355536267
Company35,0,TRAIN,0.910717204,1.309901199,1.516127066,1.107299988,-0.607851644,-2.449558344,-0.134341029,0.035752621,-0.079135943,-0.488360031,-1.083606927,0.246953984,0.384581465,-0.509250972,-1.996421844,-0.587885801
Company109,1,TRAIN,-0.134434635,-0.010337384,0.864507638,0.744369559,0.28956889,0.697167955,1.347258036,0.779783606,0.429196181,-1.508293218,0.625280943,1.761118816,-0.961915768,-0.520206465,-2.215579498,1.573272792
Company149,1,TRAIN,1.608538736,-1.240294402,-0.090338308,1.137174214,1.520543867,-0.646542325,0.795724965,0.291992605,-0.011513053,-0.049789594,-1.479815333,0.067060542,-0.212814722,-0.833903918,-0.143925791,-1.013487564
Company105,1,TRAIN,0.75526874,-1.128610314,0.012199838,-0.418475511,0.358725994,1.980144423,0.304688707,1.036693802,0.558248568,-0.764325241,-2.177487016,-0.239245276,0.63239058,0.106137385,-1.153935445,0.206316454
Company110,1,TRAIN,0.755106872,-0.231777324,1.735580812,-0.256087661,1.633184968,1.027353227,1.419209267,-0.30990068,1.605073247,0.799622535,-0.808055339,-0.888759012,-1.011379571,0.75204336,1.726390266,2.060749809
Company30,,TEST,0.55096728,-1.80569587,-0.963798239,0.381510482,1.460924565,-2.194305688,-0.419973883,-0.108229209,0.256007013,2.192393454,-0.642296975,-0.381888525,0.656738071,1.020997436,-0.869134166,0.197242887
Company6,1,TRAIN,0.717764677,-0.343838821,0.698295155,0.740611521,1.635734848,-0.459505274,-0.441374822,-0.236100843,-0.001522038,0.540480527,-0.632434405,0.24813405,0.928317178,0.868915342,-1.287279425,-0.279305402
Company195,,TEST,2.377731142,1.069699091,0.518536609,0.090398496,0.864740607,-1.53659229,0.031178588,2.238459769,0.189493481,-0.946006974,-1.47881392,0.946263169,-0.378254742,-0.070536532,1.650235818,-0.47388337
Company17,1,TRAIN,0.784269532,-1.071599154,0.95804895,0.452303097,0.792811327,0.068055437,0.688861842,0.441223822,1.353601163,-0.404968461,1.601032654,-0.697839803,-2.358273889,-1.16587075,-1.363977058,0.598973236
Company157,,TEST,-0.130351851,0.74997014,1.895469361,0.490707935,-0.544481203,-0.249818662,-0.424142339,0.785125332,1.290765321,-0.062724675,-0.302150541,-2.476645108,2.012811474,-0.592319104,-1.800759982,-2.417231402
Company104,0,TRAIN,1.24303784,-0.166952592,-0.198771751,-0.605960717,2.667723984,-0.206430442,-0.842668312,-0.069897771,0.27340051,-0.016480309,0.836600491,0.516725253,-0.175707416,-0.91109819,1.299119991,0.769647389
Company117,,TEST,-1.115800257,-0.366552976,1.276374307,1.125474154,0.232730229,0.829600766,1.041231272,1.726019558,1.672788986,-0.836528741,-0.323953306,0.838263255,-0.518149928,0.852227044,-0.662063014,-0.248217578
Company150,1,TRAIN,1.568429236,-0.871002062,0.7873895,-1.869504976,1.921762455,1.824705589,0.849341505,-0.611813575,0.3619628,0.154956579,-1.302552365,-0.10892369,0.631895041,-0.211745454,-0.965577267,-0.750687369
Company21,,TEST,1.552872902,0.083561379,0.717513365,-0.076861826,0.332019346,0.916376157,-0.305653165,-1.256119073,1.194130552,-0.804815077,2.436104506,-0.246897225,0.246127517,1.415466689,-0.944796341,0.684758761
Company49,1,TRAIN,2.248954011,0.133289254,0.437379213,1.349157471,0.457314514,-0.754162333,0.992050104,1.150652935,0.5835081,-0.029025607,-0.007104669,-0.370978463,-2.1238539,-1.044495725,-0.19802296,0.922570548
Company130,0,TRAIN,-0.585560304,-1.509708422,0.029299656,0.15270964,-0.373753606,0.670961558,-0.850649842,0.402785789,2.439529025,1.610372391,-1.925968079,-0.191513353,-0.687008391,-0.425155318,1.357737264,0.201267502
Company197,0,TRAIN,0.727004068,0.018145966,0.863854876,1.431129934,0.942501449,-1.49288214,2.443141481,-1.962198531,-0.551064358,1.49848456,0.748457836,2.891577228,-1.708345139,0.82341865,-1.469439453,2.350569834
Company128,0,TRAIN,-0.591995061,0.421506931,1.123514526,0.305258574,-0.008472752,0.198553537,0.63734274,-0.143162636,1.7807135,0.230863703,-1.719060923,0.295566644,-0.557860613,-1.030361993,1.806891938,1.919842158
Company79,0,TRAIN,-0.686805187,-0.313534662,1.443317876,0.816151972,-0.260149927,1.539086065,0.575885502,-0.425153317,1.535021163,0.460277567,-0.265860982,0.684391851,-0.076766896,0.358464885,-1.858039863,0.263284364
Company145,1,TRAIN,1.766913034,-0.743147944,0.710386565,1.534938133,0.027603317,-2.301661671,1.107149488,0.894891453,0.276690842,-1.223223807,0.397693917,-0.683054744,0.362304924,-0.702856645,-1.643564848,0.353695486
Company3,1,TRAIN,1.895566204,0.292049603,0.678492907,1.923641223,1.730167323,1.139398772,-1.553079948,-1.366880115,0.434367757,1.407083209,1.454213022,0.297517952,1.977486766,0.338383985,0.090477635,-0.605750381
Company80,,TEST,0.523607309,-0.022284788,1.467267502,-0.398007863,0.146276191,0.132945497,1.111141918,0.250152008,1.212813459,-0.410278987,-0.724929185,-0.567993315,0.362927105,3.252903281,-0.700579833,0.864007143
Company152,1,TRAIN,2.264162481,0.055267732,-0.627383996,0.877239943,-1.5415479,-0.165279979,-0.540080235,-1.343159527,-0.772149927,0.154221086,-0.085157904,-1.072580404,-0.213377129,0.285679477,-1.363666934,0.769719888
Company11,1,TRAIN,0.880527725,-0.733003984,0.885895741,-0.680951308,2.275999443,1.871798217,-0.414082842,0.364422637,1.208222865,-0.462168489,0.359597231,-0.881543073,-0.793293714,0.121530472,-0.713216091,0.604375953
Company12,,TEST,0.327638117,0.143655039,2.519138327,0.421429084,1.740110008,0.748629734,1.171185655,0.043802422,1.199081065,-0.160756914,0.420820433,0.433537765,-1.689644095,0.919356973,-0.956740809,1.338900684
Company131,,TEST,0.405675643,-1.170143753,-0.269448968,0.885700727,1.312540704,-0.687787568,0.136164597,-0.871469285,0.91938224,-1.523383745,2.210009127,-0.295665552,0.064186071,1.473632201,0.889416028,-0.078974582
Company154,0,TRAIN,1.590402913,1.634298265,-0.35636736,3.568581749,-0.272506323,1.926864257,-2.978451245,0.268689483,-0.439934451,-1.123485952,-0.296713691,2.539138773,4.374372795,-1.850306049,-0.959455948,2.066380573
Company92,0,TRAIN,0.930909515,-1.174809651,0.445559075,-0.521695766,1.239272562,1.389065541,-1.132305503,-0.40160027,1.386259801,0.957911333,-0.883736686,-0.931255354,0.019602078,0.793599077,-0.802670422,-0.137223676
Company137,0,TRAIN,0.704986965,-1.257897634,-0.252317692,-0.057721782,-0.241819822,-1.217979432,-0.062805801,-1.215188931,2.841501028,0.548331664,-0.432625838,-0.028669507,0.578791975,0.64400199,1.191217479,1.050718059
Company13,1,TRAIN,0.686923274,-1.301952577,0.096202758,-0.314083707,0.737856827,0.99179285,0.13412787,-0.594348842,1.269244026,-0.662233873,-1.421423579,0.339945956,0.068620146,1.317323621,-1.791805338,-0.589080379
Company102,1,TRAIN,1.556528334,-0.149316531,0.621657416,0.047438214,1.421458387,1.495423478,1.063827682,-1.030686217,-0.791976113,-0.607209386,-0.722941417,-1.802278095,0.341245142,1.964761165,0.529291509,1.575782036
Company93,,TEST,1.199408286,0.357989807,1.587738422,0.265775124,2.998625833,1.094516186,-0.45965521,-0.106264555,0.262361054,-0.273146391,0.667172927,-1.313719572,0.476495516,0.059744502,0.52691418,0.354231147
Company156,0,TRAIN,0.216699215,0.630467903,1.095189213,0.843828277,0.259164157,1.191058186,0.610476452,0.535170605,0.608382577,-0.98701914,-1.452748632,0.343711803,1.561019524,-0.923079306,0.214215846,-0.697980864
Company5,1,TRAIN,0.666308918,-1.062052634,0.48728559,0.027747213,0.856917469,0.219863064,-0.502674684,-0.577582389,1.017870013,-0.444076641,-0.829575832,-0.478982307,0.569930518,-0.760321643,-0.522975165,-1.136755207
Company18,1,TRAIN,0.800402596,0.491655416,2.843936971,-0.247621197,0.773944028,-1.112115481,-0.960984407,2.669504642,0.727191677,0.630619704,-0.061784663,-1.466803296,-1.265374837,-0.874760545,-1.880465667,0.349037622
Company173,0,TRAIN,0.68861011,-0.143207301,0.322271911,0.428567764,-1.416448023,0.182866221,-0.499282801,-0.16989243,1.38525815,-0.393495189,-0.885711432,-0.262723106,1.051394953,0.32361428,-0.411871745,-1.551729568
Company83,1,TRAIN,0.284044805,0.608151889,1.840856036,-1.338803728,0.098419437,-0.991292068,0.187986073,0.943499925,0.538710508,-0.736008695,0.557102017,1.610320539,0.613784347,0.469824136,-0.207796801,-0.171835189
Company4,,TEST,0.747663765,-0.952045949,-0.152741524,1.179451055,0.447548795,0.370048747,-0.182466261,-0.891050142,1.12643922,1.542350257,-1.764457574,0.287605896,1.106416716,-0.80214916,1.191521185,0.360110637
Company2,1,TRAIN,0.014771215,0.780523665,2.035127721,1.290962314,-0.165097108,1.396147752,1.331242703,-0.631575917,1.986631665,2.584875741,1.548281592,-1.055630001,1.726006238,-1.787170498,2.670454913,2.336770827
Company50,1,TRAIN,1.668969062,-1.670897155,-0.068743838,1.576712125,0.937703956,-0.816553928,-0.387944051,-0.618740489,0.785392566,0.639707743,-1.900730661,0.214740266,1.449829387,0.110076802,-1.120478547,-1.355252654
Company189,0,TRAIN,1.058080612,-0.800684582,-0.909017692,1.720776935,0.46941155,0.596315135,-0.841984284,1.6832289,0.118646961,-0.383408842,0.110339418,0.30249462,0.764209645,-1.494691236,-0.773896404,-0.158772962
Company15,0,TRAIN,1.540251038,0.087693741,1.297368562,-1.880437241,-0.099053736,-0.729481801,1.012277548,-2.427556152,0.30489257,-0.350461887,-0.336642269,-0.11860162,-0.131103563,-1.705564549,-0.216620702,1.45458644
Company132,,TEST,1.303390584,-0.484111056,-0.07630807,0.463583256,0.9406896,-1.490065852,0.308028126,-1.425009774,0.871217189,0.721358425,0.214988365,1.409523343,-0.434617064,0.975167952,-0.966540301,-0.969439347
Company178,1,TRAIN,2.084959726,-0.701536831,0.258913216,-0.999976895,-1.05064976,-0.705188818,0.712421382,-0.57836914,1.74798776,0.022925966,1.688368084,1.661126708,0.884957279,-0.23474532,-2.195700759,-0.635129127
Company51,1,TRAIN,1.471001481,-0.944600118,0.14973433,0.490844744,0.557007078,-0.197061488,-0.314920765,-0.569782927,0.937066846,-0.025361693,-1.292242359,-0.750103434,-0.339685623,-1.099482842,-0.021051542,-0.846828585
Company89,0,TRAIN,0.066771119,0.704376086,1.074654121,0.311351772,0.824587596,0.376523398,0.372257804,0.398234034,-0.631849196,-1.411213637,0.166522443,-0.589570737,1.351680071,-0.545718707,0.377595126,-0.385637267
Company9,1,TRAIN,0.713458329,0.522613622,1.616609693,1.237349279,1.410638214,1.773266808,-0.449249636,-1.553203003,0.722352817,2.377108782,1.361730126,0.036390729,0.491061525,-0.853505188,2.582542464,0.884995333
Company138,1,TRAIN,2.376305934,-0.206444506,0.244140356,-2.225630227,0.167502672,-0.242963593,0.737567649,-0.492478206,0.643801063,-1.294624152,-1.059314802,1.088516376,3.058316648,0.435527703,-0.42569176,-0.694891748
Company112,0,TRAIN,-0.150704674,-0.395863514,0.104015639,-0.352834201,-0.160826463,-0.406153925,-0.360524484,-2.087884676,0.751415863,-1.565824431,-1.025681165,0.050032599,-0.110612659,-1.388321456,-0.629670724,0.72439102
Company119,0,TRAIN,-1.13022712,-0.881865346,1.232333072,0.633392216,-0.439306633,1.086426677,2.303872322,0.952761359,1.920879427,-0.885671265,0.94789333,-0.45600212,3.148691566,-0.439886442,0.028729592,-0.096580928
Company32,1,TRAIN,1.328423853,-0.621329386,-0.21969052,1.393611215,-0.112294672,-3.381865847,1.208590636,-0.593666447,0.328638287,-1.318784713,-0.406918012,0.38665728,0.019960396,-0.288738418,-0.91866064,1.390566195
Company186,0,TRAIN,-0.160676767,-1.880207512,-1.321898744,-0.545866019,-1.475135284,-0.992582787,2.202485626,1.727574751,1.854184899,2.672879693,1.665121981,0.486326037,1.440880821,-2.270470154,-2.181304391,3.026090527
Company141,,TEST,0.213285312,-0.152615338,-0.230552897,0.772094365,0.651656586,-1.552004405,-0.486539827,0.652981711,0.463839597,-1.247753529,0.50490995,0.096038273,-0.658881765,-0.647841122,1.00544708,-0.548532586
Company200,0,TRAIN,-0.679910885,0.088970206,1.204628661,0.60864196,-0.232571194,-1.056567381,0.044160395,-0.142796277,1.350866411,-0.150348927,-0.514536211,0.164691767,-1.576023989,0.295991419,0.113413032,-0.684102371
Company160,,TEST,0.902971155,-0.357112933,-0.374383018,0.852714597,0.256344036,1.089917069,0.186284268,1.502051958,-0.463197964,-0.079125123,-1.64255879,-0.142365218,-0.636021029,0.326993834,0.588918412,-0.910502107
Company198,0,TRAIN,1.338031198,0.920206589,-0.471427411,-0.67052319,1.202509105,-2.006007438,-4.515032605,0.745987968,0.44145233,-1.01763153,0.521593533,1.021645176,1.78127459,-2.067554032,1.004858819,1.187072223
Company31,1,TRAIN,1.886457625,-0.243145212,-0.528594076,1.253760834,-0.992869007,-0.127190844,0.718041818,-0.081698495,-0.228985273,-0.375873675,-0.109257816,0.234714545,0.609694084,1.899042255,-0.975757518,0.569374539
Company26,1,TRAIN,1.278173564,-1.232099187,-0.156875986,-1.64988292,0.125796922,-2.292151299,-0.35706706,-0.515196041,0.209544772,1.462250417,0.716152319,1.749428849,1.013681563,-0.338109262,0.416800369,-2.194037962
Company28,1,TRAIN,1.687148065,0.91364943,1.322849644,1.047511885,-0.929519897,-2.226183811,1.552558942,1.068567009,-0.5812056,-0.660017271,-1.31938839,-0.808130512,0.553732387,0.331655894,-0.804596913,-2.817941989
Company24,1,TRAIN,0.895274791,-0.187407818,0.582978539,1.417363142,0.973655729,0.480117806,1.37138319,1.065305272,-1.210196895,-0.296391944,-0.06822336,-0.56914681,-0.657218212,-1.897165778,1.205278837,-0.429557023
Company134,1,TRAIN,1.513177067,-0.811400408,-1.136061016,1.860161152,-0.072642812,-0.598748624,1.905588134,1.721705705,-1.401893704,-0.792608139,1.212482756,1.737041928,-0.876880475,0.026171698,-0.838533983,0.255229625
Company199,1,TRAIN,1.306896759,-0.232238399,0.108729187,1.955570195,-0.144838763,-1.407652281,2.037335006,-0.191856788,-1.054179681,-0.191202002,-3.64625424,0.146471661,0.93110061,-1.490787709,1.88797691,0.171454052
Company194,,TEST,1.497983908,0.651589846,0.433905951,0.772392159,0.035885452,-0.470993614,0.478361448,1.00679752,0.937519035,-1.475778311,0.180330219,-0.402918687,-1.069285239,0.5481147,0.992528137,0.459353741
Company159,,TEST,0.765047624,-0.346097646,-1.074931066,0.413729667,-1.075940777,1.202467511,0.161492256,0.458545509,0.217887656,-0.16277691,-0.834716762,0.896011486,-0.109674371,0.145744864,-0.109096278,-0.287934713
Company168,0,TRAIN,1.888829015,0.084150054,-0.699742488,0.782999383,-0.79970423,1.1266417,0.308693572,0.409125373,-0.052999304,0.000997427,-0.633590445,0.726575495,-0.334847107,-0.279133227,-0.216480513,0.011650896
Company86,0,TRAIN,-0.540245389,-1.71214864,-0.361544951,-0.941371325,0.90170545,-0.846362118,0.214912106,-0.351881694,-0.512657163,0.866716763,0.239444683,-0.837415033,1.116037837,-0.227086537,0.261216308,0.771530132
Company165,,TEST,0.729580662,0.559993972,0.285430719,1.390086909,-1.812164555,0.214446688,-0.310474477,-0.594182286,0.190301768,0.809276262,-1.060620196,1.292081996,-0.628419014,0.010817493,-0.743375432,-0.322143516
Company192,,TEST,1.057705255,-0.377404647,-0.083557347,1.874634919,1.306349733,-0.673257632,-0.261298315,-0.260204114,-0.047587564,0.049367945,0.322193643,1.020304242,1.068894297,0.553954093,0.372333539,-1.04103045
Company125,0,TRAIN,-1.22553282,-0.467198089,0.725647382,0.744636266,-0.56126735,-1.593086075,0.648013124,-2.014495588,1.254280407,-0.42009789,-2.610705547,1.303967219,0.666864895,-1.495733905,1.596208751,1.359989557
Company113,0,TRAIN,0.872097517,-1.019957483,-0.057213827,-0.91840403,0.918431552,1.312843018,0.543729346,0.329357356,-0.250121382,0.782689359,-0.588766981,-0.412481031,-0.347726045,-0.538440478,0.093040613,-0.860657575
Company19,1,TRAIN,1.200415686,-1.075071785,0.930485465,-1.328865933,0.814471731,1.365021273,0.81824948,-0.319284852,1.259884262,0.534417971,1.301577856,0.466862764,-1.743689807,-1.945476549,-0.793977197,-0.452886202
Company153,0,TRAIN,0.690848956,-0.636650946,-0.889834598,-0.158439091,-1.051423867,0.103811743,-0.86102478,1.396204604,0.881176265,-0.263102713,-0.981265647,0.828640543,-0.073132979,-0.932274559,-0.031987879,-1.140064052
Company127,,TEST,0.192953081,-1.226440327,-0.159607803,-0.339590646,-0.648201077,-1.545350179,0.445075331,0.114049507,1.247858079,0.332397723,-0.469001618,0.471861865,-0.445050901,-0.558131946,0.792504443,-2.224706618
Company179,,TEST,-0.610951432,0.004014,0.582076269,-0.115135133,-0.127612792,0.330906,0.171613508,0.211070378,0.651191454,-1.212447306,-0.108001007,0.980831031,-0.680931411,-0.711818818,-0.930103095,0.626320045
Company177,0,TRAIN,0.906812613,0.913552557,0.246168075,0.649742371,-2.480133604,0.357637503,1.493720527,-0.270480933,0.328912708,-0.951787182,0.747070238,0.888360662,-0.1854307,0.757058618,-0.43870496,0.306758722
Company187,0,TRAIN,-0.285299619,-1.480054898,-1.051092496,0.440302766,-0.701086402,0.761349107,0.301523344,1.124215102,1.458330469,-1.600310936,1.083584177,-0.818866248,0.851761177,-0.714322051,0.047531458,-0.785623673
Company140,,TEST,1.374360767,-0.176369084,-0.055063702,1.229130012,0.144288326,-2.336668044,0.625726026,0.12846411,0.866128947,-0.342500652,-1.763167523,2.244877605,1.12434544,0.888829982,3.176407767,0.933094193
