Mnemonics,HK_EQUITYP_HS_M,HK_RATE_LENDINGB_M,HK_RATE_POLICY_M,HK_XREALGDP_Q,SG_EQUITYP_STI_M,SG_EXRATE_M,SG_RATE_LENDING_M,SG_REALGDP_Q,US_CPI_M,US_LBR_M,US_OILPRICE_M,US_RATE_POLICY_M,US_RGDP_Q,US_RHPI_M
1-Jan-01,14923.06778,8.5,7,334427,1787.27,1.781136954,5.8,46839.3,175.1444444,4.122222222,26.46666667,5.673333333,12655.3,110.1196667
1-Feb-01,14854.85,8,6.5,324818,1692.58,1.804402743,5.8,46745.2,175.7,4.233333333,26.3,5.31,12643.3,110.968
1-Mar-01,14316.60333,7.666666667,6.083333333,326151.6667,1685.22,1.810431669,5.8,46385.33333,176.3111111,4.288888889,26.28666667,4.863333333,12665.63333,111.8323333
1-Apr-01,13778.35667,7.333333333,5.666666667,327485.3333,1677.86,1.816460595,5.8,46025.46667,176.9222222,4.344444444,26.27333333,4.416666667,12687.96667,112.6966667
1-May-01,13240.11,7,5.25,328819,1670.5,1.822489521,5.8,45665.6,177.5333333,4.4,26.26,3.97,12710.3,113.561
1-Jun-01,12611.46556,6.666666667,5,334490.3333,1551.593333,1.803401369,5.693333333,45277.46667,177.6111111,4.544444444,25.31666667,3.67,12696.9,114.1973333
1-Jul-01,11982.82111,6.333333333,4.75,340161.6667,1432.686667,1.784313218,5.586666667,44889.33333,177.6888889,4.688888889,24.37333333,3.37,12683.5,114.8336667
1-Aug-01,11354.17667,6,4.5,345833,1313.78,1.765225066,5.48,44501.2,177.7666667,4.833333333,23.43,3.07,12670.1,115.47
1-Sep-01,11188.28778,5.708333333,4.083333333,347442.3333,1420.666667,1.791936352,5.42,44604.96667,177.6,5.055555556,22.23333333,2.653333333,12681.83333,116.234
1-Oct-01,11022.39889,5.416666667,3.666666667,349051.6667,1527.553333,1.818647637,5.36,44708.73333,177.4333333,5.277777778,21.03666667,2.236666667,12693.56667,116.998
1-Nov-01,10856.51,5.125,3.25,350661,1634.44,1.845358922,5.3,44812.5,177.2666667,5.5,19.84,1.82,12705.3,117.762
1-Dec-01,10885.02778,5.125,3.25,341417.3333,1696.696667,1.844565366,5.316666667,45329.16667,177.4777778,5.566666667,21.99666667,1.79,12744.3,118.3526667
1-Jan-02,10913.54556,5.125,3.25,332173.6667,1758.953333,1.843771809,5.333333333,45845.83333,177.6888889,5.633333333,24.15333333,1.76,12783.3,118.9433333
1-Feb-02,10942.06333,5.125,3.25,322930,1821.21,1.842978253,5.35,46362.5,177.9,5.7,26.31,1.73,12822.3,119.534
1-Mar-02,11035.20778,5.125,3.25,325436.6667,1728.206667,1.817684389,5.35,46820.66667,178.5444444,5.744444444,26.49333333,1.736666667,12845.86667,120.3613333
1-Apr-02,11128.35222,5.125,3.25,327943.3333,1635.203333,1.792390524,5.35,47278.83333,179.1888889,5.788888889,26.67666667,1.743333333,12869.43333,121.1886667
1-May-02,11221.49667,5.125,3.25,330450,1542.2,1.76709666,5.35,47737,179.8333333,5.833333333,26.86,1.75,12893,122.016
1-Jun-02,10822.87,5.125,3.25,338290.3333,1468.043333,1.77118425,5.35,47687.53333,180.0888889,5.8,28.05666667,1.75,12913.93333,123.2113333
1-Jul-02,10424.24333,5.125,3.25,346130.6667,1393.886667,1.77527184,5.35,47638.06667,180.3444444,5.766666667,29.25333333,1.75,12934.86667,124.4066667
1-Aug-02,10025.61667,5.125,3.25,353971,1319.73,1.779359431,5.35,47588.6,180.6,5.733333333,30.45,1.75,12955.8,125.602
1-Sep-02,9900.78,5.083333333,3.083333333,357696.3333,1314.103333,1.764541725,5.35,47581.56667,180.7888889,5.777777778,30.7,1.58,12958.53333,126.4676667
1-Oct-02,9775.943333,5.041666667,2.916666667,361421.6667,1308.476667,1.74972402,5.35,47574.53333,180.9777778,5.822222222,30.95,1.41,12961.26667,127.3333333
1-Nov-02,9651.106667,5,2.75,365147,1302.85,1.734906315,5.35,47567.5,181.1666667,5.866666667,31.2,1.24,12964,128.199
1-Dec-02,9522.46,5,2.75,355244,1280.316667,1.744701128,5.333333333,47766.8,181.7777778,5.866666667,31.14666667,1.243333333,12986.4,129.0933333
1-Jan-03,9393.813333,5,2.75,345341,1257.783333,1.754495942,5.316666667,47966.1,182.3888889,5.866666667,31.09333333,1.246666667,13008.8,129.9876667
1-Feb-03,9265.166667,5,2.75,335438,1235.25,1.764290755,5.3,48165.4,183,5.866666667,31.04,1.25,13031.2,130.882
1-Mar-03,9237.286667,5,2.666666667,333155.3333,1298.58,1.762944996,5.3,47968.83333,183.2222222,5.955555556,30.75666667,1.24,13071.5,131.7686667
1-Apr-03,9209.406667,5,2.583333333,330872.6667,1361.91,1.761599236,5.3,47772.26667,183.4444444,6.044444444,30.47333333,1.23,13111.8,132.6553333
1-May-03,9181.526667,5,2.5,328590,1425.24,1.760253477,5.3,47575.7,183.6666667,6.133333333,30.19,1.22,13152.1,133.542
1-Jun-03,9618.305556,5,2.5,341758,1485.503333,1.749705141,5.3,48428.46667,183.9666667,6.133333333,29.86,1.15,13225.53333,134.5396667
1-Jul-03,10055.08444,5,2.5,354926,1545.766667,1.739156806,5.3,49281.23333,184.2666667,6.133333333,29.53,1.08,13298.96667,135.5373333
1-Aug-03,10491.86333,5,2.5,368094,1606.03,1.72860847,5.3,50134,184.5666667,6.133333333,29.2,1.01,13372.4,136.535
1-Sep-03,11043.50444,5,2.5,372837.3333,1647.48,1.719299071,5.3,50664.7,184.5777778,6.033333333,30.30666667,1,13424.5,137.9
1-Oct-03,11595.14556,5,2.5,377580.6667,1688.93,1.709989671,5.3,51195.4,184.5888889,5.933333333,31.41333333,0.99,13476.6,139.265
1-Nov-03,12146.78667,5,2.5,382324,1730.38,1.700680272,5.3,51726.1,184.6,5.833333333,32.52,0.98,13528.7,140.63
1-Dec-03,12532.14667,5,2.5,375537.6667,1756.24,1.692321254,5.3,52181.93333,185.1555556,5.788888889,33.6,0.986666667,13554.63333,142.3063333
1-Jan-04,12917.50667,5,2.5,368751.3333,1782.1,1.683962235,5.3,52637.76667,185.7111111,5.744444444,34.68,0.993333333,13580.56667,143.9826667
1-Feb-04,13302.86667,5,2.5,361965,1807.96,1.675603217,5.3,53093.6,186.2666667,5.7,35.76,1,13606.5,145.659
1-Mar-04,12897.82444,5,2.5,364122,1800.776667,1.689708106,5.3,53345.9,187.1555556,5.666666667,36.19,1.01,13639.73333,147.5716667
1-Apr-04,12492.78222,5,2.5,366279,1793.593333,1.703812995,5.3,53598.2,188.0444444,5.633333333,36.62,1.02,13672.96667,149.4843333
1-May-04,12087.74,5,2.5,368436,1786.41,1.717917884,5.3,53850.5,188.9333333,5.6,37.05,1.03,13706.2,151.397
1-Jun-04,12257.32,5.041666667,2.75,376796.3333,1827.126667,1.706634826,5.3,53940,189.1555556,5.544444444,41.24666667,1.223333333,13747.73333,153.3486667
1-Jul-04,12426.9,5.083333333,3,385156.6667,1867.843333,1.695351768,5.3,54029.5,189.3777778,5.488888889,45.44333333,1.416666667,13789.26667,155.3003333
1-Aug-04,12596.48,5.125,3.25,393517,1908.56,1.68406871,5.3,54119,189.6,5.433333333,49.64,1.61,13830.8,157.252
1-Sep-04,12949.09667,5.083333333,3.416666667,400206.6667,1939.006667,1.666663735,5.3,54544.06667,189.9777778,5.433333333,47.57666667,1.793333333,13870.66667,158.937
1-Oct-04,13301.71333,5.041666667,3.583333333,406896.3333,1969.453333,1.649258761,5.3,54969.13333,190.3555556,5.433333333,45.51333333,1.976666667,13910.53333,160.622
1-Nov-04,13654.33,5,3.75,413586,1999.9,1.631853786,5.3,55394.2,190.7333333,5.433333333,43.45,2.16,13950.4,162.307
1-Dec-04,13695.30111,5.083333333,3.916666667,404072.3333,2018.79,1.638048313,5.3,55560.83333,191.1333333,5.388888889,47.43333333,2.316666667,13999.96667,164.5886667
1-Jan-05,13736.27222,5.166666667,4.083333333,394558.6667,2037.68,1.644242839,5.3,55727.46667,191.5333333,5.344444444,51.41666667,2.473333333,14049.53333,166.8703333
1-Feb-05,13777.24333,5.25,4.25,385045,2056.57,1.650437366,5.3,55894.1,191.9333333,5.3,55.4,2.63,14099.1,169.152
1-Mar-05,13793.91333,5.416666667,4.333333333,388476.6667,2091.476667,1.662215605,5.3,56374.56667,192.7888889,5.233333333,55.76666667,2.766666667,14123.63333,171.9336667
1-Apr-05,13810.58333,5.583333333,4.416666667,391908.3333,2126.383333,1.673993844,5.3,56855.03333,193.6444444,5.166666667,56.13333333,2.903333333,14148.16667,174.7153333
1-May-05,13827.25333,5.75,4.5,395340,2161.29,1.685772084,5.3,57335.5,194.5,5.1,56.5,3.04,14172.7,177.497
1-Jun-05,14194.02556,6.166666667,4.75,405672.6667,2183.116667,1.687863848,5.3,57833,195.2888889,5.055555556,59.74666667,3.233333333,14212.4,179.242
1-Jul-05,14560.79778,6.583333333,5,416005.3333,2204.943333,1.689955613,5.3,58330.5,196.0777778,5.011111111,62.99333333,3.426666667,14252.1,180.987
1-Aug-05,14927.57,7,5.25,426338,2226.77,1.692047377,5.3,58828,196.8666667,4.966666667,66.24,3.62,14291.8,182.732
1-Sep-05,14892.82778,7.25,5.416666667,432350.3333,2244.77,1.682478247,5.3,59394.2,197.2,4.966666667,64.50666667,3.8,14319,184.4656667
1-Oct-05,14858.08556,7.5,5.583333333,438362.6667,2262.77,1.672909117,5.3,59960.4,197.5333333,4.966666667,62.77333333,3.98,14346.2,186.1993333
1-Nov-05,14823.34333,7.75,5.75,444375,2280.77,1.663339987,5.3,60526.6,197.8666667,4.966666667,61.04,4.16,14373.4,187.933
1-Dec-05,15086.22,7.833333333,5.916666667,436154,2342.456667,1.647483296,5.3,60955.8,198.2222222,4.888888889,62.90333333,4.303333333,14430.96667,189.5513333
1-Jan-06,15349.09667,7.916666667,6.083333333,427933,2404.143333,1.631626605,5.3,61385,198.5777778,4.811111111,64.76666667,4.446666667,14488.53333,191.1696667
1-Feb-06,15611.97333,8,6.25,419712,2465.83,1.615769914,5.3,61814.2,198.9333333,4.733333333,66.63,4.59,14546.1,192.788
1-Mar-06,15825.20222,8,6.416666667,419633.3333,2443.343333,1.604773063,5.3,61979.53333,200.0555556,4.7,69.06333333,4.723333333,14560.6,193.5586667
1-Apr-06,16038.43111,8,6.583333333,419554.6667,2420.856667,1.593776212,5.3,62144.86667,201.1777778,4.666666667,71.49666667,4.856666667,14575.1,194.3293333
1-May-06,16251.66,8,6.75,419476,2398.37,1.582779361,5.3,62310.2,202.3,4.633333333,73.93,4.99,14589.6,195.1
1-Jun-06,16495.53667,8,6.75,430844.6667,2439.926667,1.584538842,5.31,62740.66667,202.6777778,4.633333333,70.25666667,5.076666667,14593.93333,194.0883333
1-Jul-06,16739.41333,8,6.75,442213.3333,2481.483333,1.586298324,5.32,63171.13333,203.0555556,4.633333333,66.58333333,5.163333333,14598.26667,193.0766667
1-Aug-06,16983.29,8,6.75,453582,2523.04,1.588057805,5.33,63601.6,203.4333333,4.633333333,62.91,5.25,14602.6,192.065
1-Sep-06,17552.42444,7.916666667,6.75,460536,2654.903333,1.570031072,5.33,64261.76667,202.8555556,4.566666667,62.29,5.246666667,14640.7,192.2323333
1-Oct-06,18121.55889,7.833333333,6.75,467490,2786.766667,1.552004338,5.33,64921.93333,202.2777778,4.5,61.67,5.243333333,14678.8,192.3996667
1-Nov-06,18690.69333,7.75,6.75,474444,2918.63,1.533977604,5.33,65582.1,201.7,4.433333333,61.05,5.24,14716.9,192.567
1-Dec-06,19129.36889,7.75,6.75,464418,2999.396667,1.528391887,5.33,66110.13333,202.3852222,4.455555556,62.65666667,5.246666667,14719.93333,192.4926667
1-Jan-07,19568.04444,7.75,6.75,454392,3080.163333,1.522806169,5.33,66638.16667,203.0704444,4.477777778,64.26333333,5.253333333,14722.96667,192.4183333
1-Feb-07,20006.72,7.75,6.75,444366,3160.93,1.517220452,5.33,67166.2,203.7556667,4.5,65.87,5.26,14726,192.344
1-Mar-07,20269.02889,7.75,6.75,444698.6667,3265.916667,1.521632327,5.33,67629.4,205.0578889,4.5,67.47333333,5.256666667,14763.56667,191.1426667
1-Apr-07,20531.33778,7.75,6.75,445031.3333,3370.903333,1.526044201,5.33,68092.6,206.3601111,4.5,69.07666667,5.253333333,14801.13333,189.9413333
1-May-07,20793.64667,7.75,6.75,445364,3475.89,1.530456076,5.33,68555.8,207.6623333,4.5,70.68,5.25,14838.7,188.74
1-Jun-07,21662.62667,7.666666667,6.583333333,458245.3333,3533.576667,1.515378064,5.33,69233.5,207.8533333,4.555555556,74.34,5.146666667,14871.96667,187.018
1-Jul-07,22531.60667,7.583333333,6.416666667,471126.6667,3591.263333,1.500300052,5.33,69911.2,208.0443333,4.611111111,78,5.043333333,14905.23333,185.296
1-Aug-07,23400.58667,7.5,6.25,484008,3648.95,1.485222041,5.33,70588.9,208.2353333,4.666666667,81.66,4.94,14938.5,183.574
1-Sep-07,25099.58111,7.25,6.083333333,491912.6667,3587.84,1.470040531,5.33,70437.1,208.729,4.711111111,86.44,4.706666667,14956.26667,181.9
1-Oct-07,26798.57556,7,5.916666667,499817.3333,3526.73,1.454859022,5.33,70285.3,209.2226667,4.755555556,91.22,4.473333333,14974.03333,180.226
1-Nov-07,28497.57,6.75,5.75,507722,3465.62,1.439677512,5.33,70133.5,209.7163333,4.8,96,4.24,14991.8,178.552
1-Dec-07,26977.22222,6.25,5.083333333,497024.3333,3312.87,1.418353358,5.346666667,71051,210.511,4.866666667,97.86,3.696666667,14957.7,176.7893333
1-Jan-08,25456.87444,5.75,4.416666667,486326.6667,3160.12,1.397029203,5.363333333,71968.5,211.3056667,4.933333333,99.72,3.153333333,14923.6,175.0266667
1-Feb-08,23936.52667,5.25,3.75,475629,3007.37,1.375705049,5.38,72886,212.1003333,5,101.58,2.61,14889.5,173.264
1-Mar-08,24069.02111,5.25,3.666666667,471485.3333,2987.426667,1.370404762,5.38,72101.66667,213.6524444,5.111111111,114.3866667,2.406666667,14914.13333,170.6166667
1-Apr-08,24201.51556,5.25,3.583333333,467341.6667,2967.483333,1.365104475,5.38,71317.33333,215.2045556,5.222222222,127.1933333,2.203333333,14938.76667,167.9693333
1-May-08,24334.01,5.25,3.5,463198,2947.54,1.359804188,5.38,70533,216.7566667,5.333333333,140,2,14963.4,165.322
1-Jun-08,23209.67889,5.25,3.5,471658,2751.33,1.384982133,5.38,70479.46667,217.597,5.555555556,126.88,1.936666667,14939.46667,163.229
1-Jul-08,22085.34778,5.25,3.5,480118,2555.12,1.410160077,5.38,70425.93333,218.4373333,5.777777778,113.76,1.873333333,14915.53333,161.136
1-Aug-08,20961.01667,5.25,3.5,488578,2358.91,1.435338022,5.38,70372.4,219.2776667,6,100.64,1.81,14891.6,159.043
1-Sep-08,18761.83,5.166666667,2.5,490415.6667,2159.793333,1.434789267,5.38,69542.23333,217.2102222,6.288888889,81.96,1.26,14786.73333,156.9426667
1-Oct-08,16562.64333,5.083333333,1.5,492253.3333,1960.676667,1.434240512,5.38,68712.06667,215.1427778,6.577777778,63.28,0.71,14681.86667,154.8423333
1-Nov-08,14363.45667,5,0.5,494091,1761.56,1.433691756,5.38,67881.9,213.0753333,6.866666667,44.6,0.16,14577,152.742
1-Dec-08,13992.92333,5,0.5,475626.6667,1741.036667,1.463460257,5.38,67356,212.7218889,7.333333333,46.28666667,0.166666667,14509.66667,149.9953333
1-Jan-09,13622.39,5,0.5,457162.3333,1720.513333,1.493228758,5.38,66830.1,212.3684444,7.8,47.97333333,0.173333333,14442.33333,147.2486667
1-Feb-09,13251.85667,5,0.5,438698,1699.99,1.522997259,5.38,66304.2,212.015,8.266666667,49.66,0.18,14375,144.502
1-Mar-09,14445.24556,5,0.5,442115.6667,1911.043333,1.497793994,5.38,67271.26667,212.7643333,8.611111111,56.40333333,0.19,14368.53333,143.135
1-Apr-09,15638.63444,5,0.5,445533.3333,2122.096667,1.47259073,5.38,68238.33333,213.5136667,8.955555556,63.14666667,0.2,14362.06667,141.768
1-May-09,16832.02333,5,0.5,448951,2333.15,1.447387466,5.38,69205.4,214.263,9.3,69.89,0.21,14355.6,140.401
1-Jun-09,17921.31556,5,0.5,459400,2446.29,1.434871873,5.38,70208.5,214.748,9.411111111,70.13,0.19,14371.23333,141.0113333
1-Jul-09,19010.60778,5,0.5,469849,2559.43,1.422356281,5.38,71211.6,215.233,9.522222222,70.37,0.17,14386.86667,141.6216667
1-Aug-09,20099.9,5,0.5,480298,2672.57,1.409840688,5.38,72214.7,215.718,9.633333333,70.61,0.15,14402.5,142.232
1-Sep-09,20685.52778,5,0.5,488964.6667,2747.586667,1.40825593,5.38,72111.73333,215.8626667,9.733333333,73.52666667,0.14,14448.96667,142.4736667
1-Oct-09,21271.15556,5,0.5,497631.3333,2822.603333,1.406671171,5.38,72008.76667,216.0073333,9.833333333,76.44333333,0.13,14495.43333,142.7153333
1-Nov-09,21856.78333,5,0.5,506298,2897.62,1.405086413,5.38,71905.8,216.152,9.933333333,79.36,0.12,14541.9,142.957
1-Dec-09,21542.55111,5,0.5,495359.3333,2894.236667,1.403055184,5.38,73844.7,216.4412222,9.9,80.82666667,0.133333333,14562.86667,143.171
1-Jan-10,21228.31889,5,0.5,484420.6667,2890.853333,1.401023954,5.38,75783.6,216.7304444,9.866666667,82.29333333,0.146666667,14583.83333,143.385
1-Feb-10,20914.08667,5,0.5,473482,2887.47,1.398992725,5.38,77722.5,217.0196667,9.833333333,83.76,0.16,14604.8,143.599
1-Mar-10,20795.29444,5,0.5,474850.3333,2870.15,1.39912324,5.38,79178.53333,217.3633333,9.766666667,81.05,0.166666667,14651.83333,143.6663333
1-Apr-10,20676.50222,5,0.5,476218.6667,2852.83,1.399253756,5.38,80634.56667,217.707,9.7,78.34,0.173333333,14698.86667,143.7336667
1-May-10,20557.71,5,0.5,477587,2835.51,1.399384271,5.38,82090.6,218.0506667,9.633333333,75.63,0.18,14745.9,143.801
1-Jun-10,20728.7,5,0.5,488931,2922.883333,1.371634789,5.38,81440.03333,218.1184444,9.577777778,77.07666667,0.183333333,14779.1,143.398
1-Jul-10,20899.69,5,0.5,500275,3010.256667,1.343885307,5.38,80789.46667,218.1862222,9.522222222,78.52333333,0.186666667,14812.3,142.995
1-Aug-10,21070.68,5,0.5,511619,3097.63,1.316135825,5.38,80138.9,218.254,9.466666667,79.97,0.19,14845.5,142.592
1-Sep-10,21843.03556,5,0.5,520546,3128.433333,1.305213069,5.38,80913.13333,218.4685556,9.477777778,83.77333333,0.186666667,14876.66667,141.7683333
1-Oct-10,22615.39111,5,0.5,529473,3159.236667,1.294290313,5.38,81687.36667,218.6831111,9.488888889,87.57666667,0.183333333,14907.83333,140.9446667
1-Nov-10,23387.74667,5,0.5,538400,3190.04,1.283367556,5.38,82461.6,218.8976667,9.5,91.38,0.18,14939,140.121
1-Dec-10,23388.68778,5,0.5,528764,3161.976667,1.275817067,5.38,83253.63333,219.8205556,9.344444444,96.49333333,0.166666667,14919.76667,139.7636667
1-Jan-11,23389.62889,5,0.5,519128,3133.913333,1.268266577,5.38,84045.66667,220.7434444,9.188888889,101.6066667,0.153333333,14900.53333,139.4063333
1-Feb-11,23390.57,5,0.5,509492,3105.85,1.260716087,5.38,84837.7,221.6663333,9.033333333,106.72,0.14,14881.3,139.049
1-Mar-11,23314.21,5,0.5,506976.3333,3110.713333,1.2499275,5.38,84873.5,222.9544444,9.044444444,102.9533333,0.123333333,14917.4,138.3283333
1-Apr-11,23237.85,5,0.5,504460.6667,3115.576667,1.239138913,5.38,84909.3,224.2425556,9.055555556,99.18666667,0.106666667,14953.5,137.6076667
1-May-11,23161.49,5,0.5,501945,3120.44,1.228350326,5.38,84945.1,225.5306667,9.066666667,95.42,0.09,14989.6,136.887
1-Jun-11,22287.79889,5,0.5,511856.3333,2972.013333,1.254630065,5.38,85457.26667,225.8377778,9.044444444,90.01333333,0.086666667,15000.1,137.0323333
1-Jul-11,21414.10778,5,0.5,521767.6667,2823.586667,1.280909803,5.38,85969.43333,226.1448889,9.022222222,84.60666667,0.083333333,15010.6,137.1776667
1-Aug-11,20540.41667,5,0.5,531679,2675.16,1.307189542,5.38,86481.6,226.452,9,79.2,0.08,15021.1,137.323
1-Sep-11,19893.95222,5,0.5,539225.3333,2665.556667,1.303630489,5.38,86395.73333,226.3372222,8.877777778,85.74333333,0.076666667,15077.5,137.146
1-Oct-11,19247.48778,5,0.5,546771.6667,2655.953333,1.300071435,5.38,86309.86667,226.2224444,8.755555556,92.28666667,0.073333333,15133.9,136.969
1-Nov-11,18601.02333,5,0.5,554318,2646.35,1.296512382,5.38,86224,226.1076667,8.633333333,98.83,0.07,15190.3,136.792
1-Dec-11,19244.82667,5,0.5,540750.6667,2767.72,1.283576064,5.38,87000.26667,226.7073333,8.511111111,100.2266667,0.09,15223.86667,136.8656667
1-Jan-12,19888.63,5,0.5,527183.3333,2889.09,1.270639747,5.38,87776.53333,227.307,8.388888889,101.6233333,0.11,15257.43333,136.9393333
1-Feb-12,20532.43333,5,0.5,513616,3010.46,1.25770343,5.38,88552.8,227.9066667,8.266666667,103.02,0.13,15291,137.013
1-Mar-12,20268.42667,5,0.5,511376.6667,2966.456667,1.26019635,5.38,88771.13333,228.5353333,8.244444444,97,0.14,15314.8,137.8686667
1-Apr-12,20004.42,5,0.5,509137.3333,2922.453333,1.26268927,5.38,88989.46667,229.164,8.222222222,90.98,0.15,15338.6,138.7243333
1-May-12,19740.41333,5,0.5,506898,2878.45,1.26518219,5.38,89207.8,229.7926667,8.2,84.96,0.16,15362.4,139.58
1-Jun-12,19776.40889,5,0.5,518305.6667,2939.08,1.252653583,5.38,88800.03333,229.9606667,8.144444444,87.37,0.153333333,15368.53333,140.684
1-Jul-12,19812.40444,5,0.5,529713.3333,2999.71,1.240124977,5.38,88392.26667,230.1286667,8.088888889,89.78,0.146666667,15374.66667,141.788
1-Aug-12,19848.4,5,0.5,541121,3060.34,1.22759637,5.38,87984.5,230.2966667,8.033333333,92.19,0.14,15380.8,142.892
1-Sep-12,20493.34444,5,0.5,551234.3333,3095.92,1.2254974,5.38,88653.8,230.3243333,7.955555556,92.06666667,0.146666667,15381.96667,143.802
1-Oct-12,21138.28889,5,0.5,561347.6667,3131.5,1.22339843,5.38,89323.1,230.352,7.877777778,91.94333333,0.153333333,15383.13333,144.712
1-Nov-12,21783.23333,5,0.5,571461,3167.08,1.22129946,5.38,89992.4,230.3796667,7.8,91.82,0.16,15384.3,145.622
1-Dec-12,22204.04889,5,0.5,558067.3333,3214.09,1.227661973,5.38,90407,230.833,7.777777778,93.62333333,0.153333333,15420.16667,146.9916667
1-Jan-13,22624.86444,5,0.5,544673.6667,3261.1,1.234024487,5.38,90821.6,231.2863333,7.755555556,95.42666667,0.146666667,15456.03333,148.3613333
1-Feb-13,23045.68,5,0.5,531280,3308.11,1.240387,5.38,91236.2,231.7396667,7.733333333,97.23,0.14,15491.9,149.731
1-Mar-13,22702.81778,5,0.5,528348.6667,3255.553333,1.249507493,5.38,91908.66667,232.1575556,7.666666667,97.00666667,0.123333333,15501.8,151.3856667
1-Apr-13,22359.95556,5,0.5,525417.3333,3202.996667,1.258627987,5.38,92581.13333,232.5754444,7.6,96.78333333,0.106666667,15511.7,153.0403333
1-May-13,22017.09333,5,0.5,522486,3150.44,1.26774848,5.38,93253.6,232.9933333,7.533333333,96.56,0.09,15521.6,154.695
1-Jun-13,22038.13778,5,0.5,534237.3333,3156.25,1.263715797,5.38,93398.5,233.2868889,7.444444444,98.48333333,0.086666667,15561.5,156.047
1-Jul-13,22059.18222,5,0.5,545988.6667,3162.06,1.259683113,5.38,93543.4,233.5804444,7.355555556,100.4066667,0.083333333,15601.4,157.399
1-Aug-13,22080.22667,5,0.5,557740,3167.87,1.25565043,5.38,93688.3,233.874,7.266666667,102.33,0.08,15641.3,158.751
1-Sep-13,22473.20111,5,0.5,567742.6667,3167.723333,1.258028857,5.38,94208.26667,233.6564444,7.155555556,101.0266667,0.083333333,15692.16667,159.9696667
1-Oct-13,22866.17556,5,0.5,577745.3333,3167.576667,1.260407283,5.38,94728.23333,233.4388889,7.044444444,99.72333333,0.086666667,15743.03333,161.1883333
1-Nov-13,23259.15,5,0.5,587748,3167.43,1.26278571,5.38,95248.2,233.2213333,6.933333333,98.42,0.09,15793.9,162.407
1-Dec-13,22938.79333,5,0.5,574170.3333,3174.496667,1.261038897,5.37,95377.96667,233.8131111,6.844444444,99.47333333,0.086666667,15778.26667,163.604
1-Jan-14,22618.43667,5,0.5,560592.6667,3181.563333,1.259292083,5.36,95507.73333,234.4048889,6.755555556,100.5266667,0.083333333,15762.63333,164.801
1-Feb-14,22298.08,5,0.5,547015,3188.63,1.25754527,5.35,95637.5,234.9966667,6.666666667,101.58,0.08,15747,165.998
1-Mar-14,22457.41667,5,0.5,542673,3210.976667,1.25388749,5.35,95764.5,235.9216667,6.511111111,102.8433333,0.086666667,15798.26667,166.8556667
1-Apr-14,22616.75333,5,0.5,538331,3233.323333,1.25022971,5.35,95891.5,236.8466667,6.355555556,104.1066667,0.093333333,15849.53333,167.7133333
1-May-14,22776.09,5,0.5,533989,3255.67,1.24657193,5.35,96018.5,237.7716667,6.2,105.37,0.1,15900.8,168.571
1-Jun-14,23285.60667,5,0.5,547912.3333,3262.693333,1.25632651,5.35,96209.03333,237.8625556,6.166666667,100.6333333,0.096666667,15965.36667,168.7976667
1-Jul-14,23795.12333,5,0.5,561835.6667,3269.716667,1.26608109,5.35,96399.56667,237.9534444,6.133333333,95.89666667,0.093333333,16029.93333,169.0243333
1-Aug-14,24304.64,5,0.5,575759,3276.74,1.27583567,5.35,96590.1,238.0443333,6.1,91.16,0.09,16094.5,169.251
1-Sep-14,24032.70556,5,0.5,584920,3306.21,1.29229225,5.35,97253.23333,237.4068889,5.966666667,78.53,0.1,16125.23333,170.1183333
1-Oct-14,23760.77111,5,0.5,594081,3335.68,1.30874883,5.35,97916.36667,236.7694444,5.833333333,65.9,0.11,16155.96667,170.9856667
1-Nov-14,23488.83667,5,0.5,603242,3365.15,1.32520541,5.35,98579.5,236.132,5.7,53.27,0.12,16186.7,171.853
1-Dec-14,23791.11778,5,0.5,588748.3333,3392.436667,1.340968673,5.35,98343.43333,235.7044444,5.644444444,51.38,0.116666667,16214.13333,172.712
1-Jan-15,24093.39889,5,0.5,574254.6667,3419.723333,1.356731937,5.35,98107.36667,235.2768889,5.588888889,49.49,0.113333333,16241.56667,173.571
1-Feb-15,24395.68,5,0.5,559761,3447.01,1.3724952,5.35,97871.3,234.8493333,5.533333333,47.6,0.11,16269,174.43
1-Mar-15,25387.86667,5,0.5,556658,3403.783333,1.364112043,5.35,97908.13333,235.7931111,5.488888889,51.55666667,0.116666667,16304.06667,175.329
1-Apr-15,26380.05333,5,0.5,553555,3360.556667,1.355728887,5.35,97944.96667,236.7368889,5.444444444,55.51333333,0.123333333,16339.13333,176.228
1-May-15,27372.24,5,0.5,550452,3317.33,1.34734573,5.35,97981.8,237.6806667,5.4,59.47,0.13,16374.2,177.127
1-Jun-15,25983.77556,5,0.5,563226.6667,3141.85,1.372321417,5.35,98188.3,237.8887778,5.3,54.67666667,0.133333333,16401.1,177.2766667
1-Jul-15,24595.31111,5,0.5,576001.3333,2966.37,1.397297103,5.35,98394.8,238.0968889,5.2,49.88333333,0.136666667,16428,177.4263333
1-Aug-15,23206.84667,5,0.5,588776,2790.89,1.42227279,5.35,98601.3,238.305,5.1,45.09,0.14,16454.9,177.576
1-Sep-15,22923.34111,5,0.583333333,597376,2821.503333,1.421062173,5.35,99009.3,237.9476667,5.066666667,42.40666667,0.173333333,16466.83333,178.7143333
1-Oct-15,22639.83556,5,0.666666667,605976,2852.116667,1.419851557,5.35,99417.3,237.5903333,5.033333333,39.72333333,0.206666667,16478.76667,179.8526667
1-Nov-15,22356.33,5,0.75,614576,2882.73,1.41864094,5.35,99825.3,237.233,5,37.04,0.24,16490.7,180.991
1-Dec-15,21478.42667,5,0.75,598147.3333,2868.786667,1.39523923,5.35,99786.23333,237.2841111,4.977777778,37.47333333,0.28,16502.13333,182.1756667
1-Jan-16,20600.52333,5,0.75,581718.6667,2854.843333,1.37183752,5.35,99747.16667,237.3352222,4.955555556,37.90666667,0.32,16513.56667,183.3603333
1-Feb-16,19722.62,5,0.75,565290,2840.9,1.34843581,5.35,99708.1,237.3863333,4.933333333,38.34,0.36,16525,184.545
1-Mar-16,20015.83889,5,0.75,563383.3333,2840.91,1.348011947,5.35,99771.53333,238.314,4.911111111,41.67,0.366666667,16544.36667,185.205
1-Apr-16,20309.05778,5,0.75,561476.6667,2840.92,1.347588083,5.35,99834.96667,239.2416667,4.888888889,45,0.373333333,16563.73333,185.865
1-May-16,20602.27667,5,0.75,559570,2840.93,1.34716422,5.35,99898.4,240.1693333,4.866666667,48.33,0.38,16583.1,186.525
1-Jun-16,21257.60111,5,0.75,573146,2850.443333,1.352489707,5.35,99866.76667,240.4356667,4.877777778,48.3,0.386666667,16631.06667,188.1966667
1-Jul-16,21912.92556,5,0.75,586722,2859.956667,1.357815193,5.35,99835.13333,240.702,4.888888889,48.27,0.393333333,16679.03333,189.8683333
1-Aug-16,22568.25,5,0.75,600298,2869.47,1.36314068,5.35,99803.5,240.9683333,4.9,48.24,0.4,16727,191.54
1-Sep-16,22629.34333,5,0.833333333,611352.3333,2873.233333,1.391360453,5.35,100781.7333,241.1471111,4.833333333,50.06666667,0.446666667,16755.76667,192.5976142
1-Oct-16,22690.43667,5,0.916666667,622406.6667,2876.996667,1.419580227,5.35,101759.9667,241.3258889,4.766666667,51.89333333,0.493333333,16784.53333,193.6552284
1-Nov-16,22751.53,5,1,633461,2880.76,1.4478,5.35,102738.2,241.5046667,4.7,53.72,0.54,16813.3,194.7128426
1-Dec-16,23008.73111,5,1.083333333,616623.1571,2978.876667,1.447883333,5.326666667,102891.2779,241.0918666,4.683594113,52.68,0.623333333,16846.62813,195.0728235
